PersonID;CreatedDate;ModifiedDate
1110201;2022-10-09;2022-10-09
1110202;2022-10-09;2022-10-09
1110203;2022-10-09;2022-10-09
1110204;2022-10-09;2022-10-09
1110205;2022-10-09;2022-10-09
1110206;2022-10-09;2022-10-09
1110207;2022-10-09;2022-10-09
1110208;2022-10-09;2022-10-09
1110209;2022-10-09;2022-10-09
1110210;2022-10-09;2022-10-09
1110211;2022-10-09;2022-10-09
1110212;2022-10-09;2022-10-09
1110213;2022-10-09;2022-10-09
1110214;2022-10-09;2022-10-09
1110215;2022-10-09;2022-10-09
1110216;2022-10-09;2022-10-09
1110217;2022-10-09;2022-10-09
1110218;2022-10-09;2022-10-09
1110219;2022-10-09;2022-10-09
1110220;2022-10-09;2022-10-09
1110221;2022-10-09;2022-10-09
1110222;2022-10-09;2022-10-09
1110223;2022-10-09;2022-10-09
1110224;2022-10-09;2022-10-09
1110225;2022-10-09;2022-10-09
1110226;2022-10-09;2022-10-09
1110227;2022-10-09;2022-10-09
1110228;2022-10-09;2022-10-09
1110229;2022-10-09;2022-10-09
1110230;2022-10-09;2022-10-09
1110231;2022-10-09;2022-10-09
1110232;2022-10-09;2022-10-09
1110233;2022-10-09;2022-10-09
1110234;2022-10-09;2022-10-09
1110235;2022-10-09;2022-10-09
1110236;2022-10-09;2022-10-09
1110237;2022-10-09;2022-10-09
1110238;2022-10-09;2022-10-09
1110239;2022-10-09;2022-10-09
1110240;2022-10-09;2022-10-09
1110241;2022-10-09;2022-10-09
1110242;2022-10-09;2022-10-09
1110243;2022-10-09;2022-10-09
1110244;2022-10-09;2022-10-09
1110245;2022-10-09;2022-10-09
1110246;2022-10-09;2022-10-09
1110247;2022-10-09;2022-10-09
1110248;2022-10-09;2022-10-09
1110249;2022-10-09;2022-10-09
1110250;2022-10-09;2022-10-09
1110251;2022-10-09;2022-10-09
1110252;2022-10-09;2022-10-09
1110253;2022-10-09;2022-10-09
1110254;2022-10-09;2022-10-09
1110255;2022-10-09;2022-10-09
1110256;2022-10-09;2022-10-09
1110257;2022-10-09;2022-10-09
1110258;2022-10-09;2022-10-09
1110259;2022-10-09;2022-10-09
1110260;2022-10-09;2022-10-09
1110261;2022-10-09;2022-10-09
1110262;2022-10-09;2022-10-09
1110263;2022-10-09;2022-10-09
1110264;2022-10-09;2022-10-09
1110265;2022-10-09;2022-10-09
1110266;2022-10-09;2022-10-09
1110267;2022-10-09;2022-10-09
1110268;2022-10-09;2022-10-09
1110269;2022-10-09;2022-10-09
1110270;2022-10-09;2022-10-09
1110271;2022-10-09;2022-10-09
1110272;2022-10-09;2022-10-09
1110273;2022-10-09;2022-10-09
1110274;2022-10-09;2022-10-09
1110275;2022-10-09;2022-10-09
1110276;2022-10-09;2022-10-09
1110277;2022-10-09;2022-10-09
1110278;2022-10-09;2022-10-09
1110279;2022-10-09;2022-10-09
1110280;2022-10-09;2022-10-09
1110281;2022-10-09;2022-10-09
1110282;2022-10-09;2022-10-09
1110283;2022-10-09;2022-10-09
1110284;2022-10-09;2022-10-09
1110285;2022-10-09;2022-10-09
1110286;2022-10-09;2022-10-09
1110287;2022-10-09;2022-10-09
1110288;2022-10-09;2022-10-09
1110289;2022-10-09;2022-10-09
1110290;2022-10-09;2022-10-09
1110291;2022-10-09;2022-10-09
1110292;2022-10-09;2022-10-09
1110293;2022-10-09;2022-10-09
1110294;2022-10-09;2022-10-09
1110295;2022-10-09;2022-10-09
1110296;2022-10-09;2022-10-09
1110297;2022-10-09;2022-10-09
1110298;2022-10-09;2022-10-09
1110299;2022-10-09;2022-10-09
1110300;2022-10-09;2022-10-09
1110301;2022-10-09;2022-10-09
1110302;2022-10-09;2022-10-09
1110303;2022-10-09;2022-10-09
1110304;2022-10-09;2022-10-09
1110305;2022-10-09;2022-10-09
1110306;2022-10-09;2022-10-09
1110307;2022-10-09;2022-10-09
1110308;2022-10-09;2022-10-09
1110309;2022-10-09;2022-10-09
1110310;2022-10-09;2022-10-09
1110311;2022-10-09;2022-10-09
1110312;2022-10-09;2022-10-09
1110313;2022-10-09;2022-10-09
1110314;2022-10-09;2022-10-09
1110315;2022-10-09;2022-10-09
1110316;2022-10-09;2022-10-09
1110317;2022-10-09;2022-10-09
1110318;2022-10-09;2022-10-09
1110319;2022-10-09;2022-10-09
1110320;2022-10-09;2022-10-09
1110321;2022-10-09;2022-10-09
1110322;2022-10-09;2022-10-09
1110323;2022-10-09;2022-10-09
1110324;2022-10-09;2022-10-09
1110325;2022-10-09;2022-10-09
1110326;2022-10-09;2022-10-09
1110327;2022-10-09;2022-10-09
1110328;2022-10-09;2022-10-09
1110329;2022-10-09;2022-10-09
1110330;2022-10-09;2022-10-09
1110331;2022-10-09;2022-10-09
1110332;2022-10-09;2022-10-09
1110333;2022-10-09;2022-10-09
1110334;2022-10-09;2022-10-09
1110335;2022-10-09;2022-10-09
1110336;2022-10-09;2022-10-09
1110337;2022-10-09;2022-10-09
1110338;2022-10-09;2022-10-09
1110339;2022-10-09;2022-10-09
1110340;2022-10-09;2022-10-09
1110341;2022-10-09;2022-10-09
1110342;2022-10-09;2022-10-09
1110343;2022-10-09;2022-10-09
1110344;2022-10-09;2022-10-09
1110345;2022-10-09;2022-10-09
1110346;2022-10-09;2022-10-09
1110347;2022-10-09;2022-10-09
1110348;2022-10-09;2022-10-09
1110349;2022-10-09;2022-10-09
1110350;2022-10-09;2022-10-09
1110351;2022-10-09;2022-10-09
1110352;2022-10-09;2022-10-09
1110353;2022-10-09;2022-10-09
1110354;2022-10-09;2022-10-09
1110355;2022-10-09;2022-10-09
1110356;2022-10-09;2022-10-09
1110357;2022-10-09;2022-10-09
1110358;2022-10-09;2022-10-09
1110359;2022-10-09;2022-10-09
1110360;2022-10-09;2022-10-09
1110361;2022-10-09;2022-10-09
1110362;2022-10-09;2022-10-09
1110363;2022-10-09;2022-10-09
1110364;2022-10-09;2022-10-09
1110365;2022-10-09;2022-10-09
1110366;2022-10-09;2022-10-09
1110367;2022-10-09;2022-10-09
1110368;2022-10-09;2022-10-09
1110369;2022-10-09;2022-10-09
1110370;2022-10-09;2022-10-09
1110371;2022-10-09;2022-10-09
1110372;2022-10-09;2022-10-09
1110373;2022-10-09;2022-10-09
1110374;2022-10-09;2022-10-09
1110375;2022-10-09;2022-10-09
1110376;2022-10-09;2022-10-09
1110377;2022-10-09;2022-10-09
1110378;2022-10-09;2022-10-09
1110379;2022-10-09;2022-10-09
1110380;2022-10-09;2022-10-09
1110381;2022-10-09;2022-10-09
1110382;2022-10-09;2022-10-09
1110383;2022-10-09;2022-10-09
1110384;2022-10-09;2022-10-09
1110385;2022-10-09;2022-10-09
1110386;2022-10-09;2022-10-09
1110387;2022-10-09;2022-10-09
1110388;2022-10-09;2022-10-09
1110389;2022-10-09;2022-10-09
1110390;2022-10-09;2022-10-09
1110391;2022-10-09;2022-10-09
1110392;2022-10-09;2022-10-09
1110393;2022-10-09;2022-10-09
1110394;2022-10-09;2022-10-09
1110395;2022-10-09;2022-10-09
1110396;2022-10-09;2022-10-09
1110397;2022-10-09;2022-10-09
1110398;2022-10-09;2022-10-09
1110399;2022-10-09;2022-10-09
1110400;2022-10-09;2022-10-09
1110401;2022-10-09;2022-10-09
1110402;2022-10-09;2022-10-09
1110403;2022-10-09;2022-10-09
1110404;2022-10-09;2022-10-09
1110405;2022-10-09;2022-10-09
1110406;2022-10-09;2022-10-09
