PersonID;CareerID;GenInd;TrimInd;trim;EnrolDate;CreateDate;ModDate
1110407;3;0;0;1;2022-10-09;2022-10-09;2022-10-09
1110408;2;0;0;1;2022-10-09;2022-10-09;2022-10-09
1110409;2;0;0;1;2022-10-09;2022-10-09;2022-10-09
1110410;2;0;0;1;2022-10-09;2022-10-09;2022-10-09
1110411;2;0;0;1;2022-10-09;2022-10-09;2022-10-09
1110412;3;0;0;1;2022-10-09;2022-10-09;2022-10-09
1110413;2;0;0;1;2022-10-09;2022-10-09;2022-10-09
1110414;2;0;0;1;2022-10-09;2022-10-09;2022-10-09
1110415;1;0;0;1;2022-10-09;2022-10-09;2022-10-09
1110416;2;0;0;1;2022-10-09;2022-10-09;2022-10-09
1110417;3;0;0;1;2022-10-09;2022-10-09;2022-10-09
1110418;2;0;0;1;2022-10-09;2022-10-09;2022-10-09
1110419;1;0;0;1;2022-10-09;2022-10-09;2022-10-09
1110420;2;0;0;1;2022-10-09;2022-10-09;2022-10-09
1110421;3;0;0;1;2022-10-09;2022-10-09;2022-10-09
1110422;3;0;0;1;2022-10-09;2022-10-09;2022-10-09
1110423;3;0;0;1;2022-10-09;2022-10-09;2022-10-09
1110424;3;0;0;1;2022-10-09;2022-10-09;2022-10-09
1110425;3;0;0;1;2022-10-09;2022-10-09;2022-10-09
1110426;3;0;0;1;2022-10-09;2022-10-09;2022-10-09
1110427;3;0;0;1;2022-10-09;2022-10-09;2022-10-09
1110428;1;0;0;1;2022-10-09;2022-10-09;2022-10-09
1110429;1;0;0;1;2022-10-09;2022-10-09;2022-10-09
1110430;2;0;0;1;2022-10-09;2022-10-09;2022-10-09
1110431;1;0;0;1;2022-10-09;2022-10-09;2022-10-09
1110432;1;0;0;1;2022-10-09;2022-10-09;2022-10-09
1110433;2;0;0;1;2022-10-09;2022-10-09;2022-10-09
1110434;3;0;0;1;2022-10-09;2022-10-09;2022-10-09
1110435;2;0;0;1;2022-10-09;2022-10-09;2022-10-09
1110436;2;0;0;1;2022-10-09;2022-10-09;2022-10-09
1110437;2;0;0;1;2022-10-09;2022-10-09;2022-10-09
1110438;1;0;0;1;2022-10-09;2022-10-09;2022-10-09
1110439;2;0;0;1;2022-10-09;2022-10-09;2022-10-09
1110440;2;0;0;1;2022-10-09;2022-10-09;2022-10-09
1110441;2;0;0;1;2022-10-09;2022-10-09;2022-10-09
1110442;2;0;0;1;2022-10-09;2022-10-09;2022-10-09
1110443;1;0;0;1;2022-10-09;2022-10-09;2022-10-09
1110444;3;0;0;1;2022-10-09;2022-10-09;2022-10-09
1110445;1;0;0;1;2022-10-09;2022-10-09;2022-10-09
1110446;1;0;0;1;2022-10-09;2022-10-09;2022-10-09
1110447;3;0;0;1;2022-10-09;2022-10-09;2022-10-09
1110448;1;0;0;1;2022-10-09;2022-10-09;2022-10-09
1110449;2;0;0;1;2022-10-09;2022-10-09;2022-10-09
1110450;1;0;0;1;2022-10-09;2022-10-09;2022-10-09
1110451;2;0;0;1;2022-10-09;2022-10-09;2022-10-09
1110452;2;0;0;1;2022-10-09;2022-10-09;2022-10-09
1110453;1;0;0;1;2022-10-09;2022-10-09;2022-10-09
1110454;3;0;0;1;2022-10-09;2022-10-09;2022-10-09
1110455;1;0;0;1;2022-10-09;2022-10-09;2022-10-09
1110456;2;0;0;1;2022-10-09;2022-10-09;2022-10-09
1110457;1;0;0;1;2022-10-09;2022-10-09;2022-10-09
1110458;1;0;0;1;2022-10-09;2022-10-09;2022-10-09
1110459;1;0;0;1;2022-10-09;2022-10-09;2022-10-09
1110460;1;0;0;1;2022-10-09;2022-10-09;2022-10-09
1110461;3;0;0;1;2022-10-09;2022-10-09;2022-10-09
1110462;2;0;0;1;2022-10-09;2022-10-09;2022-10-09
1110463;2;0;0;1;2022-10-09;2022-10-09;2022-10-09
1110464;3;0;0;1;2022-10-09;2022-10-09;2022-10-09
1110465;3;0;0;1;2022-10-09;2022-10-09;2022-10-09
1110466;1;0;0;1;2022-10-09;2022-10-09;2022-10-09
1110467;3;0;0;1;2022-10-09;2022-10-09;2022-10-09
1110468;3;0;0;1;2022-10-09;2022-10-09;2022-10-09
1110469;3;0;0;1;2022-10-09;2022-10-09;2022-10-09
1110470;3;0;0;1;2022-10-09;2022-10-09;2022-10-09
1110471;1;0;0;1;2022-10-09;2022-10-09;2022-10-09
1110472;3;0;0;1;2022-10-09;2022-10-09;2022-10-09
1110473;1;0;0;1;2022-10-09;2022-10-09;2022-10-09
1110474;3;0;0;1;2022-10-09;2022-10-09;2022-10-09
1110475;2;0;0;1;2022-10-09;2022-10-09;2022-10-09
1110476;1;0;0;1;2022-10-09;2022-10-09;2022-10-09
1110477;2;0;0;1;2022-10-09;2022-10-09;2022-10-09
1110478;2;0;0;1;2022-10-09;2022-10-09;2022-10-09
1110479;2;0;0;1;2022-10-09;2022-10-09;2022-10-09
1110480;2;0;0;1;2022-10-09;2022-10-09;2022-10-09
1110481;3;0;0;1;2022-10-09;2022-10-09;2022-10-09
1110482;2;0;0;1;2022-10-09;2022-10-09;2022-10-09
1110483;2;0;0;1;2022-10-09;2022-10-09;2022-10-09
1110484;2;0;0;1;2022-10-09;2022-10-09;2022-10-09
1110485;1;0;0;1;2022-10-09;2022-10-09;2022-10-09
1110486;3;0;0;1;2022-10-09;2022-10-09;2022-10-09
1110487;1;0;0;1;2022-10-09;2022-10-09;2022-10-09
1110488;3;0;0;1;2022-10-09;2022-10-09;2022-10-09
1110489;1;0;0;1;2022-10-09;2022-10-09;2022-10-09
1110490;2;0;0;1;2022-10-09;2022-10-09;2022-10-09
1110491;1;0;0;1;2022-10-09;2022-10-09;2022-10-09
1110492;1;0;0;1;2022-10-09;2022-10-09;2022-10-09
1110493;2;0;0;1;2022-10-09;2022-10-09;2022-10-09
1110494;1;0;0;1;2022-10-09;2022-10-09;2022-10-09
1110495;2;0;0;1;2022-10-09;2022-10-09;2022-10-09
1110496;2;0;0;1;2022-10-09;2022-10-09;2022-10-09
1110497;2;0;0;1;2022-10-09;2022-10-09;2022-10-09
1110498;2;0;0;1;2022-10-09;2022-10-09;2022-10-09
1110499;2;0;0;1;2022-10-09;2022-10-09;2022-10-09
1110500;2;0;0;1;2022-10-09;2022-10-09;2022-10-09
1110501;1;0;0;1;2022-10-09;2022-10-09;2022-10-09
1110502;2;0;0;1;2022-10-09;2022-10-09;2022-10-09
1110503;2;0;0;1;2022-10-09;2022-10-09;2022-10-09
1110504;3;0;0;1;2022-10-09;2022-10-09;2022-10-09
1110505;3;0;0;1;2022-10-09;2022-10-09;2022-10-09
1110506;3;0;0;1;2022-10-09;2022-10-09;2022-10-09
1110507;2;0;0;1;2022-10-09;2022-10-09;2022-10-09
1110508;3;0;0;1;2022-10-09;2022-10-09;2022-10-09
1110509;3;0;0;1;2022-10-09;2022-10-09;2022-10-09
1110510;2;0;0;1;2022-10-09;2022-10-09;2022-10-09
1110511;3;0;0;1;2022-10-09;2022-10-09;2022-10-09
1110512;2;0;0;1;2022-10-09;2022-10-09;2022-10-09
1110513;2;0;0;1;2022-10-09;2022-10-09;2022-10-09
1110514;1;0;0;1;2022-10-09;2022-10-09;2022-10-09
1110515;2;0;0;1;2022-10-09;2022-10-09;2022-10-09
1110516;2;0;0;1;2022-10-09;2022-10-09;2022-10-09
1110517;2;0;0;1;2022-10-09;2022-10-09;2022-10-09
1110518;1;0;0;1;2022-10-09;2022-10-09;2022-10-09
1110519;1;0;0;1;2022-10-09;2022-10-09;2022-10-09
1110520;1;0;0;1;2022-10-09;2022-10-09;2022-10-09
1110521;3;0;0;1;2022-10-09;2022-10-09;2022-10-09
1110522;3;0;0;1;2022-10-09;2022-10-09;2022-10-09
1110523;1;0;0;1;2022-10-09;2022-10-09;2022-10-09
1110524;1;0;0;1;2022-10-09;2022-10-09;2022-10-09
1110525;3;0;0;1;2022-10-09;2022-10-09;2022-10-09
1110526;2;0;0;1;2022-10-09;2022-10-09;2022-10-09
1110527;3;0;0;1;2022-10-09;2022-10-09;2022-10-09
1110528;1;0;0;1;2022-10-09;2022-10-09;2022-10-09
1110529;2;0;0;1;2022-10-09;2022-10-09;2022-10-09
1110530;3;0;0;1;2022-10-09;2022-10-09;2022-10-09
1110531;1;0;0;1;2022-10-09;2022-10-09;2022-10-09
1110532;1;0;0;1;2022-10-09;2022-10-09;2022-10-09
1110533;1;0;0;1;2022-10-09;2022-10-09;2022-10-09
1110534;2;0;0;1;2022-10-09;2022-10-09;2022-10-09
1110535;1;0;0;1;2022-10-09;2022-10-09;2022-10-09
1110536;2;0;0;1;2022-10-09;2022-10-09;2022-10-09
1110537;1;0;0;1;2022-10-09;2022-10-09;2022-10-09
1110538;1;0;0;1;2022-10-09;2022-10-09;2022-10-09
1110539;1;0;0;1;2022-10-09;2022-10-09;2022-10-09
1110540;1;0;0;1;2022-10-09;2022-10-09;2022-10-09
1110541;1;0;0;1;2022-10-09;2022-10-09;2022-10-09
1110542;3;0;0;1;2022-10-09;2022-10-09;2022-10-09
1110543;1;0;0;1;2022-10-09;2022-10-09;2022-10-09
1110544;3;0;0;1;2022-10-09;2022-10-09;2022-10-09
1110545;3;0;0;1;2022-10-09;2022-10-09;2022-10-09
1110546;2;0;0;1;2022-10-09;2022-10-09;2022-10-09
1110547;1;0;0;1;2022-10-09;2022-10-09;2022-10-09
1110548;1;0;0;1;2022-10-09;2022-10-09;2022-10-09
1110549;2;0;0;1;2022-10-09;2022-10-09;2022-10-09
1110550;2;0;0;1;2022-10-09;2022-10-09;2022-10-09
1110551;1;0;0;1;2022-10-09;2022-10-09;2022-10-09
1110552;1;0;0;1;2022-10-09;2022-10-09;2022-10-09
1110553;1;0;0;1;2022-10-09;2022-10-09;2022-10-09
1110554;1;0;0;1;2022-10-09;2022-10-09;2022-10-09
1110555;2;0;0;1;2022-10-09;2022-10-09;2022-10-09
1110556;1;0;0;1;2022-10-09;2022-10-09;2022-10-09
1110557;1;0;0;1;2022-10-09;2022-10-09;2022-10-09
1110558;3;0;0;1;2022-10-09;2022-10-09;2022-10-09
1110559;2;0;0;1;2022-10-09;2022-10-09;2022-10-09
1110560;2;0;0;1;2022-10-09;2022-10-09;2022-10-09
1110561;3;0;0;1;2022-10-09;2022-10-09;2022-10-09
1110562;2;0;0;1;2022-10-09;2022-10-09;2022-10-09
1110563;2;0;0;1;2022-10-09;2022-10-09;2022-10-09
1110564;1;0;0;1;2022-10-09;2022-10-09;2022-10-09
1110565;2;0;0;1;2022-10-09;2022-10-09;2022-10-09
1110566;1;0;0;1;2022-10-09;2022-10-09;2022-10-09
1110567;3;0;0;1;2022-10-09;2022-10-09;2022-10-09
1110568;3;0;0;1;2022-10-09;2022-10-09;2022-10-09
1110569;2;0;0;1;2022-10-09;2022-10-09;2022-10-09
1110570;3;0;0;1;2022-10-09;2022-10-09;2022-10-09
1110571;2;0;0;1;2022-10-09;2022-10-09;2022-10-09
1110572;3;0;0;1;2022-10-09;2022-10-09;2022-10-09
1110573;2;0;0;1;2022-10-09;2022-10-09;2022-10-09
1110574;2;0;0;1;2022-10-09;2022-10-09;2022-10-09
1110575;2;0;0;1;2022-10-09;2022-10-09;2022-10-09
1110576;2;0;0;1;2022-10-09;2022-10-09;2022-10-09
1110577;1;0;0;1;2022-10-09;2022-10-09;2022-10-09
1110578;1;0;0;1;2022-10-09;2022-10-09;2022-10-09
1110579;2;0;0;1;2022-10-09;2022-10-09;2022-10-09
1110580;2;0;0;1;2022-10-09;2022-10-09;2022-10-09
1110581;3;0;0;1;2022-10-09;2022-10-09;2022-10-09
1110582;2;0;0;1;2022-10-09;2022-10-09;2022-10-09
1110583;1;0;0;1;2022-10-09;2022-10-09;2022-10-09
1110584;1;0;0;1;2022-10-09;2022-10-09;2022-10-09
1110585;1;0;0;1;2022-10-09;2022-10-09;2022-10-09
1110586;2;0;0;1;2022-10-09;2022-10-09;2022-10-09
1110587;1;0;0;1;2022-10-09;2022-10-09;2022-10-09
1110588;2;0;0;1;2022-10-09;2022-10-09;2022-10-09
1110589;3;0;0;1;2022-10-09;2022-10-09;2022-10-09
1110590;2;0;0;1;2022-10-09;2022-10-09;2022-10-09
1110591;1;0;0;1;2022-10-09;2022-10-09;2022-10-09
1110592;3;0;0;1;2022-10-09;2022-10-09;2022-10-09
1110593;1;0;0;1;2022-10-09;2022-10-09;2022-10-09
1110594;3;0;0;1;2022-10-09;2022-10-09;2022-10-09
1110595;3;0;0;1;2022-10-09;2022-10-09;2022-10-09
1110596;1;0;0;1;2022-10-09;2022-10-09;2022-10-09
1110597;3;0;0;1;2022-10-09;2022-10-09;2022-10-09
1110598;3;0;0;1;2022-10-09;2022-10-09;2022-10-09
1110599;1;0;0;1;2022-10-09;2022-10-09;2022-10-09
1110600;3;0;0;1;2022-10-09;2022-10-09;2022-10-09
1110601;3;0;0;1;2022-10-09;2022-10-09;2022-10-09
1110602;1;0;0;1;2022-10-09;2022-10-09;2022-10-09
1110603;1;0;0;1;2022-10-09;2022-10-09;2022-10-09
1110604;1;0;0;1;2022-10-09;2022-10-09;2022-10-09
1110605;3;0;0;1;2022-10-09;2022-10-09;2022-10-09
1110606;1;0;0;1;2022-10-09;2022-10-09;2022-10-09
1110607;3;0;0;1;2022-10-09;2022-10-09;2022-10-09
1110608;3;0;0;1;2022-10-09;2022-10-09;2022-10-09
1110609;2;0;0;1;2022-10-09;2022-10-09;2022-10-09
1110610;1;0;0;1;2022-10-09;2022-10-09;2022-10-09
1110611;3;0;0;1;2022-10-09;2022-10-09;2022-10-09
1110612;2;0;0;1;2022-10-09;2022-10-09;2022-10-09
1110613;3;0;0;1;2022-10-09;2022-10-09;2022-10-09
1110614;2;0;0;1;2022-10-09;2022-10-09;2022-10-09
1110615;3;0;0;1;2022-10-09;2022-10-09;2022-10-09
1110616;1;0;0;1;2022-10-09;2022-10-09;2022-10-09
1110617;1;0;0;1;2022-10-09;2022-10-09;2022-10-09
1110618;3;0;0;1;2022-10-09;2022-10-09;2022-10-09
1110619;2;0;0;1;2022-10-09;2022-10-09;2022-10-09
1110620;3;0;0;1;2022-10-09;2022-10-09;2022-10-09
1110621;2;0;0;1;2022-10-09;2022-10-09;2022-10-09
1110622;3;0;0;1;2022-10-09;2022-10-09;2022-10-09
1110623;3;0;0;1;2022-10-09;2022-10-09;2022-10-09
1110624;3;0;0;1;2022-10-09;2022-10-09;2022-10-09
1110625;2;0;0;1;2022-10-09;2022-10-09;2022-10-09
1110626;2;0;0;1;2022-10-09;2022-10-09;2022-10-09
1110627;3;0;0;1;2022-10-09;2022-10-09;2022-10-09
1110628;3;0;0;1;2022-10-09;2022-10-09;2022-10-09
1110629;2;0;0;1;2022-10-09;2022-10-09;2022-10-09
1110630;1;0;0;1;2022-10-09;2022-10-09;2022-10-09
1110631;3;0;0;1;2022-10-09;2022-10-09;2022-10-09
1110632;1;0;0;1;2022-10-09;2022-10-09;2022-10-09
1110633;3;0;0;1;2022-10-09;2022-10-09;2022-10-09
1110634;2;0;0;1;2022-10-09;2022-10-09;2022-10-09
1110635;3;0;0;1;2022-10-09;2022-10-09;2022-10-09
1110636;2;0;0;1;2022-10-09;2022-10-09;2022-10-09
1110637;1;0;0;1;2022-10-09;2022-10-09;2022-10-09
1110638;2;0;0;1;2022-10-09;2022-10-09;2022-10-09
1110639;2;0;0;1;2022-10-09;2022-10-09;2022-10-09
1110640;1;0;0;1;2022-10-09;2022-10-09;2022-10-09
1110641;1;0;0;1;2022-10-09;2022-10-09;2022-10-09
1110642;3;0;0;1;2022-10-09;2022-10-09;2022-10-09
1110643;3;0;0;1;2022-10-09;2022-10-09;2022-10-09
1110644;1;0;0;1;2022-10-09;2022-10-09;2022-10-09
1110645;3;0;0;1;2022-10-09;2022-10-09;2022-10-09
1110646;1;0;0;1;2022-10-09;2022-10-09;2022-10-09
1110647;1;0;0;1;2022-10-09;2022-10-09;2022-10-09
1110648;3;0;0;1;2022-10-09;2022-10-09;2022-10-09
1110649;3;0;0;1;2022-10-09;2022-10-09;2022-10-09
1110650;2;0;0;1;2022-10-09;2022-10-09;2022-10-09
1110651;3;0;0;1;2022-10-09;2022-10-09;2022-10-09
1110652;2;0;0;1;2022-10-09;2022-10-09;2022-10-09
1110653;3;0;0;1;2022-10-09;2022-10-09;2022-10-09
1110654;2;0;0;1;2022-10-09;2022-10-09;2022-10-09
1110655;2;0;0;1;2022-10-09;2022-10-09;2022-10-09
1110656;2;0;0;1;2022-10-09;2022-10-09;2022-10-09
1110657;3;0;0;1;2022-10-09;2022-10-09;2022-10-09
1110658;1;0;0;1;2022-10-09;2022-10-09;2022-10-09
1110659;1;0;0;1;2022-10-09;2022-10-09;2022-10-09
1110660;2;0;0;1;2022-10-09;2022-10-09;2022-10-09
1110661;2;0;0;1;2022-10-09;2022-10-09;2022-10-09
1110662;2;0;0;1;2022-10-09;2022-10-09;2022-10-09
1110663;2;0;0;1;2022-10-09;2022-10-09;2022-10-09
1110664;1;0;0;1;2022-10-09;2022-10-09;2022-10-09
1110665;3;0;0;1;2022-10-09;2022-10-09;2022-10-09
1110666;3;0;0;1;2022-10-09;2022-10-09;2022-10-09
1110667;3;0;0;1;2022-10-09;2022-10-09;2022-10-09
1110668;1;0;0;1;2022-10-09;2022-10-09;2022-10-09
1110669;1;0;0;1;2022-10-09;2022-10-09;2022-10-09
1110670;2;0;0;1;2022-10-09;2022-10-09;2022-10-09
1110671;1;0;0;1;2022-10-09;2022-10-09;2022-10-09
1110672;2;0;0;1;2022-10-09;2022-10-09;2022-10-09
1110673;3;0;0;1;2022-10-09;2022-10-09;2022-10-09
1110674;3;0;0;1;2022-10-09;2022-10-09;2022-10-09
1110675;1;0;0;1;2022-10-09;2022-10-09;2022-10-09
1110676;2;0;0;1;2022-10-09;2022-10-09;2022-10-09
1110677;1;0;0;1;2022-10-09;2022-10-09;2022-10-09
1110678;3;0;0;1;2022-10-09;2022-10-09;2022-10-09
1110679;1;0;0;1;2022-10-09;2022-10-09;2022-10-09
1110680;2;0;0;1;2022-10-09;2022-10-09;2022-10-09
1110681;2;0;0;1;2022-10-09;2022-10-09;2022-10-09
1110682;2;0;0;1;2022-10-09;2022-10-09;2022-10-09
1110683;3;0;0;1;2022-10-09;2022-10-09;2022-10-09
1110684;3;0;0;1;2022-10-09;2022-10-09;2022-10-09
1110685;2;0;0;1;2022-10-09;2022-10-09;2022-10-09
1110686;3;0;0;1;2022-10-09;2022-10-09;2022-10-09
1110687;1;0;0;1;2022-10-09;2022-10-09;2022-10-09
1110688;3;0;0;1;2022-10-09;2022-10-09;2022-10-09
1110689;2;0;0;1;2022-10-09;2022-10-09;2022-10-09
1110690;1;0;0;1;2022-10-09;2022-10-09;2022-10-09
1110691;1;0;0;1;2022-10-09;2022-10-09;2022-10-09
1110692;3;0;0;1;2022-10-09;2022-10-09;2022-10-09
1110693;1;0;0;1;2022-10-09;2022-10-09;2022-10-09
1110694;1;0;0;1;2022-10-09;2022-10-09;2022-10-09
1110695;3;0;0;1;2022-10-09;2022-10-09;2022-10-09
1110696;3;0;0;1;2022-10-09;2022-10-09;2022-10-09
1110697;1;0;0;1;2022-10-09;2022-10-09;2022-10-09
1110698;2;0;0;1;2022-10-09;2022-10-09;2022-10-09
1110699;2;0;0;1;2022-10-09;2022-10-09;2022-10-09
1110700;2;0;0;1;2022-10-09;2022-10-09;2022-10-09
1110701;2;0;0;1;2022-10-09;2022-10-09;2022-10-09
1110702;3;0;0;1;2022-10-09;2022-10-09;2022-10-09
1110703;1;0;0;1;2022-10-09;2022-10-09;2022-10-09
1110704;3;0;0;1;2022-10-09;2022-10-09;2022-10-09
1110705;1;0;0;1;2022-10-09;2022-10-09;2022-10-09
1110706;1;0;0;1;2022-10-09;2022-10-09;2022-10-09
1110707;1;0;0;1;2022-10-09;2022-10-09;2022-10-09
1110708;3;0;0;1;2022-10-09;2022-10-09;2022-10-09
1110709;1;0;0;1;2022-10-09;2022-10-09;2022-10-09
1110710;3;0;0;1;2022-10-09;2022-10-09;2022-10-09
1110711;1;0;0;1;2022-10-09;2022-10-09;2022-10-09
1110712;2;0;0;1;2022-10-09;2022-10-09;2022-10-09
1110713;1;0;0;1;2022-10-09;2022-10-09;2022-10-09
1110714;3;0;0;1;2022-10-09;2022-10-09;2022-10-09
1110715;2;0;0;1;2022-10-09;2022-10-09;2022-10-09
1110716;3;0;0;1;2022-10-09;2022-10-09;2022-10-09
1110717;1;0;0;1;2022-10-09;2022-10-09;2022-10-09
1110718;1;0;0;1;2022-10-09;2022-10-09;2022-10-09
1110719;3;0;0;1;2022-10-09;2022-10-09;2022-10-09
1110720;1;0;0;1;2022-10-09;2022-10-09;2022-10-09
1110721;2;0;0;1;2022-10-09;2022-10-09;2022-10-09
1110722;3;0;0;1;2022-10-09;2022-10-09;2022-10-09
1110723;3;0;0;1;2022-10-09;2022-10-09;2022-10-09
1110724;1;0;0;1;2022-10-09;2022-10-09;2022-10-09
1110725;1;0;0;1;2022-10-09;2022-10-09;2022-10-09
1110726;2;0;0;1;2022-10-09;2022-10-09;2022-10-09
1110727;2;0;0;1;2022-10-09;2022-10-09;2022-10-09
1110728;1;0;0;1;2022-10-09;2022-10-09;2022-10-09
1110729;2;0;0;1;2022-10-09;2022-10-09;2022-10-09
1110730;2;0;0;1;2022-10-09;2022-10-09;2022-10-09
1110731;2;0;0;1;2022-10-09;2022-10-09;2022-10-09
1110732;1;0;0;1;2022-10-09;2022-10-09;2022-10-09
1110733;2;0;0;1;2022-10-09;2022-10-09;2022-10-09
1110734;2;0;0;1;2022-10-09;2022-10-09;2022-10-09
1110735;1;0;0;1;2022-10-09;2022-10-09;2022-10-09
1110736;1;0;0;1;2022-10-09;2022-10-09;2022-10-09
1110737;2;0;0;1;2022-10-09;2022-10-09;2022-10-09
1110738;1;0;0;1;2022-10-09;2022-10-09;2022-10-09
1110739;3;0;0;1;2022-10-09;2022-10-09;2022-10-09
1110740;1;0;0;1;2022-10-09;2022-10-09;2022-10-09
1110741;2;0;0;1;2022-10-09;2022-10-09;2022-10-09
1110742;2;0;0;1;2022-10-09;2022-10-09;2022-10-09
1110743;3;0;0;1;2022-10-09;2022-10-09;2022-10-09
1110744;2;0;0;1;2022-10-09;2022-10-09;2022-10-09
1110745;3;0;0;1;2022-10-09;2022-10-09;2022-10-09
1110746;1;0;0;1;2022-10-09;2022-10-09;2022-10-09
1110747;3;0;0;1;2022-10-09;2022-10-09;2022-10-09
1110748;1;0;0;1;2022-10-09;2022-10-09;2022-10-09
1110749;2;0;0;1;2022-10-09;2022-10-09;2022-10-09
1110750;3;0;0;1;2022-10-09;2022-10-09;2022-10-09
1110751;3;0;0;1;2022-10-09;2022-10-09;2022-10-09
1110752;2;0;0;1;2022-10-09;2022-10-09;2022-10-09
1110753;3;0;0;1;2022-10-09;2022-10-09;2022-10-09
1110754;2;0;0;1;2022-10-09;2022-10-09;2022-10-09
1110755;3;0;0;1;2022-10-09;2022-10-09;2022-10-09
1110756;3;0;0;1;2022-10-09;2022-10-09;2022-10-09
1110757;1;0;0;1;2022-10-09;2022-10-09;2022-10-09
1110758;2;0;0;1;2022-10-09;2022-10-09;2022-10-09
1110759;3;0;0;1;2022-10-09;2022-10-09;2022-10-09
1110760;2;0;0;1;2022-10-09;2022-10-09;2022-10-09
1110761;2;0;0;1;2022-10-09;2022-10-09;2022-10-09
1110762;3;0;0;1;2022-10-09;2022-10-09;2022-10-09
1110763;2;0;0;1;2022-10-09;2022-10-09;2022-10-09
1110764;1;0;0;1;2022-10-09;2022-10-09;2022-10-09
1110765;2;0;0;1;2022-10-09;2022-10-09;2022-10-09
1110766;1;0;0;1;2022-10-09;2022-10-09;2022-10-09
1110767;3;0;0;1;2022-10-09;2022-10-09;2022-10-09
1110768;3;0;0;1;2022-10-09;2022-10-09;2022-10-09
1110769;3;0;0;1;2022-10-09;2022-10-09;2022-10-09
1110770;2;0;0;1;2022-10-09;2022-10-09;2022-10-09
1110771;1;0;0;1;2022-10-09;2022-10-09;2022-10-09
1110772;1;0;0;1;2022-10-09;2022-10-09;2022-10-09
1110773;1;0;0;1;2022-10-09;2022-10-09;2022-10-09
1110774;2;0;0;1;2022-10-09;2022-10-09;2022-10-09
1110775;1;0;0;1;2022-10-09;2022-10-09;2022-10-09
1110776;3;0;0;1;2022-10-09;2022-10-09;2022-10-09
1110777;1;0;0;1;2022-10-09;2022-10-09;2022-10-09
1110778;2;0;0;1;2022-10-09;2022-10-09;2022-10-09
1110779;2;0;0;1;2022-10-09;2022-10-09;2022-10-09
1110780;3;0;0;1;2022-10-09;2022-10-09;2022-10-09
1110781;3;0;0;1;2022-10-09;2022-10-09;2022-10-09
1110782;1;0;0;1;2022-10-09;2022-10-09;2022-10-09
1110783;2;0;0;1;2022-10-09;2022-10-09;2022-10-09
1110784;3;0;0;1;2022-10-09;2022-10-09;2022-10-09
1110785;1;0;0;1;2022-10-09;2022-10-09;2022-10-09
1110786;1;0;0;1;2022-10-09;2022-10-09;2022-10-09
1110787;3;0;0;1;2022-10-09;2022-10-09;2022-10-09
1110788;3;0;0;1;2022-10-09;2022-10-09;2022-10-09
1110789;3;0;0;1;2022-10-09;2022-10-09;2022-10-09
1110790;2;0;0;1;2022-10-09;2022-10-09;2022-10-09
1110791;1;0;0;1;2022-10-09;2022-10-09;2022-10-09
1110792;3;0;0;1;2022-10-09;2022-10-09;2022-10-09
1110793;3;0;0;1;2022-10-09;2022-10-09;2022-10-09
1110794;1;0;0;1;2022-10-09;2022-10-09;2022-10-09
1110795;2;0;0;1;2022-10-09;2022-10-09;2022-10-09
1110796;2;0;0;1;2022-10-09;2022-10-09;2022-10-09
1110797;1;0;0;1;2022-10-09;2022-10-09;2022-10-09
1110798;1;0;0;1;2022-10-09;2022-10-09;2022-10-09
1110799;3;0;0;1;2022-10-09;2022-10-09;2022-10-09
1110800;1;0;0;1;2022-10-09;2022-10-09;2022-10-09
1110801;1;0;0;1;2022-10-09;2022-10-09;2022-10-09
1110802;2;0;0;1;2022-10-09;2022-10-09;2022-10-09
1110803;3;0;0;1;2022-10-09;2022-10-09;2022-10-09
1110804;1;0;0;1;2022-10-09;2022-10-09;2022-10-09
1110805;3;0;0;1;2022-10-09;2022-10-09;2022-10-09
1110806;2;0;0;1;2022-10-09;2022-10-09;2022-10-09
1110807;3;0;0;1;2022-10-09;2022-10-09;2022-10-09
1110808;1;0;0;1;2022-10-09;2022-10-09;2022-10-09
1110809;1;0;0;1;2022-10-09;2022-10-09;2022-10-09
1110810;3;0;0;1;2022-10-09;2022-10-09;2022-10-09
1110811;3;0;0;1;2022-10-09;2022-10-09;2022-10-09
1110812;1;0;0;1;2022-10-09;2022-10-09;2022-10-09
1110813;3;0;0;1;2022-10-09;2022-10-09;2022-10-09
1110814;3;0;0;1;2022-10-09;2022-10-09;2022-10-09
1110815;3;0;0;1;2022-10-09;2022-10-09;2022-10-09
1110816;1;0;0;1;2022-10-09;2022-10-09;2022-10-09
1110817;1;0;0;1;2022-10-09;2022-10-09;2022-10-09
1110818;1;0;0;1;2022-10-09;2022-10-09;2022-10-09
1110819;2;0;0;1;2022-10-09;2022-10-09;2022-10-09
1110820;2;0;0;1;2022-10-09;2022-10-09;2022-10-09
1110821;2;0;0;1;2022-10-09;2022-10-09;2022-10-09
1110822;1;0;0;1;2022-10-09;2022-10-09;2022-10-09
1110823;3;0;0;1;2022-10-09;2022-10-09;2022-10-09
1110824;1;0;0;1;2022-10-09;2022-10-09;2022-10-09
1110825;2;0;0;1;2022-10-09;2022-10-09;2022-10-09
1110826;3;0;0;1;2022-10-09;2022-10-09;2022-10-09
1110827;1;0;0;1;2022-10-09;2022-10-09;2022-10-09
1110828;2;0;0;1;2022-10-09;2022-10-09;2022-10-09
1110829;2;0;0;1;2022-10-09;2022-10-09;2022-10-09
1110830;3;0;0;1;2022-10-09;2022-10-09;2022-10-09
1110831;2;0;0;1;2022-10-09;2022-10-09;2022-10-09
1110832;3;0;0;1;2022-10-09;2022-10-09;2022-10-09
1110833;1;0;0;1;2022-10-09;2022-10-09;2022-10-09
1110834;2;0;0;1;2022-10-09;2022-10-09;2022-10-09
1110835;3;0;0;1;2022-10-09;2022-10-09;2022-10-09
1110836;2;0;0;1;2022-10-09;2022-10-09;2022-10-09
1110837;1;0;0;1;2022-10-09;2022-10-09;2022-10-09
1110838;2;0;0;1;2022-10-09;2022-10-09;2022-10-09
1110839;1;0;0;1;2022-10-09;2022-10-09;2022-10-09
1110840;3;0;0;1;2022-10-09;2022-10-09;2022-10-09
1110841;3;0;0;1;2022-10-09;2022-10-09;2022-10-09
1110842;2;0;0;1;2022-10-09;2022-10-09;2022-10-09
1110843;3;0;0;1;2022-10-09;2022-10-09;2022-10-09
1110844;1;0;0;1;2022-10-09;2022-10-09;2022-10-09
1110845;2;0;0;1;2022-10-09;2022-10-09;2022-10-09
1110846;1;0;0;1;2022-10-09;2022-10-09;2022-10-09
1110847;2;0;0;1;2022-10-09;2022-10-09;2022-10-09
1110848;3;0;0;1;2022-10-09;2022-10-09;2022-10-09
1110849;3;0;0;1;2022-10-09;2022-10-09;2022-10-09
1110850;1;0;0;1;2022-10-09;2022-10-09;2022-10-09
1110851;2;0;0;1;2022-10-09;2022-10-09;2022-10-09
1110852;3;0;0;1;2022-10-09;2022-10-09;2022-10-09
1110853;1;0;0;1;2022-10-09;2022-10-09;2022-10-09
1110854;1;0;0;1;2022-10-09;2022-10-09;2022-10-09
1110855;1;0;0;1;2022-10-09;2022-10-09;2022-10-09
1110856;1;0;0;1;2022-10-09;2022-10-09;2022-10-09
1110857;3;0;0;1;2022-10-09;2022-10-09;2022-10-09
1110858;3;0;0;1;2022-10-09;2022-10-09;2022-10-09
1110859;3;0;0;1;2022-10-09;2022-10-09;2022-10-09
1110860;1;0;0;1;2022-10-09;2022-10-09;2022-10-09
1110861;3;0;0;1;2022-10-09;2022-10-09;2022-10-09
1110862;2;0;0;1;2022-10-09;2022-10-09;2022-10-09
1110863;1;0;0;1;2022-10-09;2022-10-09;2022-10-09
1110864;2;0;0;1;2022-10-09;2022-10-09;2022-10-09
1110865;1;0;0;1;2022-10-09;2022-10-09;2022-10-09
1110866;3;0;0;1;2022-10-09;2022-10-09;2022-10-09
1110867;1;0;0;1;2022-10-09;2022-10-09;2022-10-09
1110868;2;0;0;1;2022-10-09;2022-10-09;2022-10-09
1110869;3;0;0;1;2022-10-09;2022-10-09;2022-10-09
1110870;3;0;0;1;2022-10-09;2022-10-09;2022-10-09
1110871;3;0;0;1;2022-10-09;2022-10-09;2022-10-09
1110872;2;0;0;1;2022-10-09;2022-10-09;2022-10-09
1110873;3;0;0;1;2022-10-09;2022-10-09;2022-10-09
1110874;1;0;0;1;2022-10-09;2022-10-09;2022-10-09
1110875;1;0;0;1;2022-10-09;2022-10-09;2022-10-09
1110876;1;0;0;1;2022-10-09;2022-10-09;2022-10-09
1110877;3;0;0;1;2022-10-09;2022-10-09;2022-10-09
1110878;3;0;0;1;2022-10-09;2022-10-09;2022-10-09
1110879;3;0;0;1;2022-10-09;2022-10-09;2022-10-09
1110880;1;0;0;1;2022-10-09;2022-10-09;2022-10-09
1110881;1;0;0;1;2022-10-09;2022-10-09;2022-10-09
1110882;2;0;0;1;2022-10-09;2022-10-09;2022-10-09
1110883;1;0;0;1;2022-10-09;2022-10-09;2022-10-09
1110884;3;0;0;1;2022-10-09;2022-10-09;2022-10-09
1110885;1;0;0;1;2022-10-09;2022-10-09;2022-10-09
1110886;1;0;0;1;2022-10-09;2022-10-09;2022-10-09
1110887;3;0;0;1;2022-10-09;2022-10-09;2022-10-09
1110888;2;0;0;1;2022-10-09;2022-10-09;2022-10-09
1110889;3;0;0;1;2022-10-09;2022-10-09;2022-10-09
1110890;2;0;0;1;2022-10-09;2022-10-09;2022-10-09
1110891;2;0;0;1;2022-10-09;2022-10-09;2022-10-09
1110892;3;0;0;1;2022-10-09;2022-10-09;2022-10-09
1110893;1;0;0;1;2022-10-09;2022-10-09;2022-10-09
1110894;3;0;0;1;2022-10-09;2022-10-09;2022-10-09
1110895;1;0;0;1;2022-10-09;2022-10-09;2022-10-09
1110896;3;0;0;1;2022-10-09;2022-10-09;2022-10-09
1110897;1;0;0;1;2022-10-09;2022-10-09;2022-10-09
1110898;3;0;0;1;2022-10-09;2022-10-09;2022-10-09
1110899;2;0;0;1;2022-10-09;2022-10-09;2022-10-09
1110900;3;0;0;1;2022-10-09;2022-10-09;2022-10-09
1110901;3;0;0;1;2022-10-09;2022-10-09;2022-10-09
1110902;2;0;0;1;2022-10-09;2022-10-09;2022-10-09
1110903;3;0;0;1;2022-10-09;2022-10-09;2022-10-09
1110904;2;0;0;1;2022-10-09;2022-10-09;2022-10-09
1110905;1;0;0;1;2022-10-09;2022-10-09;2022-10-09
1110906;1;0;0;1;2022-10-09;2022-10-09;2022-10-09
1110907;2;0;0;1;2022-10-09;2022-10-09;2022-10-09
1110908;2;0;0;1;2022-10-09;2022-10-09;2022-10-09
1110909;2;0;0;1;2022-10-09;2022-10-09;2022-10-09
1110910;1;0;0;1;2022-10-09;2022-10-09;2022-10-09
1110911;2;0;0;1;2022-10-09;2022-10-09;2022-10-09
1110912;2;0;0;1;2022-10-09;2022-10-09;2022-10-09
1110913;3;0;0;1;2022-10-09;2022-10-09;2022-10-09
1110914;1;0;0;1;2022-10-09;2022-10-09;2022-10-09
1110915;1;0;0;1;2022-10-09;2022-10-09;2022-10-09
1110916;2;0;0;1;2022-10-09;2022-10-09;2022-10-09
1110917;2;0;0;1;2022-10-09;2022-10-09;2022-10-09
1110918;2;0;0;1;2022-10-09;2022-10-09;2022-10-09
1110919;2;0;0;1;2022-10-09;2022-10-09;2022-10-09
1110920;3;0;0;1;2022-10-09;2022-10-09;2022-10-09
1110921;3;0;0;1;2022-10-09;2022-10-09;2022-10-09
1110922;2;0;0;1;2022-10-09;2022-10-09;2022-10-09
1110923;1;0;0;1;2022-10-09;2022-10-09;2022-10-09
1110924;2;0;0;1;2022-10-09;2022-10-09;2022-10-09
1110925;1;0;0;1;2022-10-09;2022-10-09;2022-10-09
1110926;1;0;0;1;2022-10-09;2022-10-09;2022-10-09
1110927;1;0;0;1;2022-10-09;2022-10-09;2022-10-09
1110928;1;0;0;1;2022-10-09;2022-10-09;2022-10-09
1110929;3;0;0;1;2022-10-09;2022-10-09;2022-10-09
1110930;1;0;0;1;2022-10-09;2022-10-09;2022-10-09
1110931;2;0;0;1;2022-10-09;2022-10-09;2022-10-09
1110932;1;0;0;1;2022-10-09;2022-10-09;2022-10-09
1110933;3;0;0;1;2022-10-09;2022-10-09;2022-10-09
1110934;1;0;0;1;2022-10-09;2022-10-09;2022-10-09
1110935;3;0;0;1;2022-10-09;2022-10-09;2022-10-09
1110936;3;0;0;1;2022-10-09;2022-10-09;2022-10-09
1110937;3;0;0;1;2022-10-09;2022-10-09;2022-10-09
1110938;1;0;0;1;2022-10-09;2022-10-09;2022-10-09
1110939;3;0;0;1;2022-10-09;2022-10-09;2022-10-09
1110940;2;0;0;1;2022-10-09;2022-10-09;2022-10-09
1110941;2;0;0;1;2022-10-09;2022-10-09;2022-10-09
1110942;3;0;0;1;2022-10-09;2022-10-09;2022-10-09
1110943;3;0;0;1;2022-10-09;2022-10-09;2022-10-09
1110944;2;0;0;1;2022-10-09;2022-10-09;2022-10-09
1110945;3;0;0;1;2022-10-09;2022-10-09;2022-10-09
1110946;1;0;0;1;2022-10-09;2022-10-09;2022-10-09
1110947;1;0;0;1;2022-10-09;2022-10-09;2022-10-09
1110948;2;0;0;1;2022-10-09;2022-10-09;2022-10-09
1110949;1;0;0;1;2022-10-09;2022-10-09;2022-10-09
1110950;3;0;0;1;2022-10-09;2022-10-09;2022-10-09
1110951;3;0;0;1;2022-10-09;2022-10-09;2022-10-09
1110952;3;0;0;1;2022-10-09;2022-10-09;2022-10-09
1110953;1;0;0;1;2022-10-09;2022-10-09;2022-10-09
1110954;1;0;0;1;2022-10-09;2022-10-09;2022-10-09
1110955;1;0;0;1;2022-10-09;2022-10-09;2022-10-09
1110956;1;0;0;1;2022-10-09;2022-10-09;2022-10-09
1110957;1;0;0;1;2022-10-09;2022-10-09;2022-10-09
1110958;2;0;0;1;2022-10-09;2022-10-09;2022-10-09
1110959;2;0;0;1;2022-10-09;2022-10-09;2022-10-09
1110960;1;0;0;1;2022-10-09;2022-10-09;2022-10-09
1110961;3;0;0;1;2022-10-09;2022-10-09;2022-10-09
1110962;2;0;0;1;2022-10-09;2022-10-09;2022-10-09
1110963;3;0;0;1;2022-10-09;2022-10-09;2022-10-09
1110964;2;0;0;1;2022-10-09;2022-10-09;2022-10-09
1110965;1;0;0;1;2022-10-09;2022-10-09;2022-10-09
1110966;3;0;0;1;2022-10-09;2022-10-09;2022-10-09
1110967;3;0;0;1;2022-10-09;2022-10-09;2022-10-09
1110968;3;0;0;1;2022-10-09;2022-10-09;2022-10-09
1110969;2;0;0;1;2022-10-09;2022-10-09;2022-10-09
1110970;2;0;0;1;2022-10-09;2022-10-09;2022-10-09
1110971;1;0;0;1;2022-10-09;2022-10-09;2022-10-09
1110972;1;0;0;1;2022-10-09;2022-10-09;2022-10-09
1110973;1;0;0;1;2022-10-09;2022-10-09;2022-10-09
1110974;3;0;0;1;2022-10-09;2022-10-09;2022-10-09
1110975;1;0;0;1;2022-10-09;2022-10-09;2022-10-09
1110976;2;0;0;1;2022-10-09;2022-10-09;2022-10-09
1110977;1;0;0;1;2022-10-09;2022-10-09;2022-10-09
1110978;3;0;0;1;2022-10-09;2022-10-09;2022-10-09
1110979;1;0;0;1;2022-10-09;2022-10-09;2022-10-09
1110980;3;0;0;1;2022-10-09;2022-10-09;2022-10-09
1110981;2;0;0;1;2022-10-09;2022-10-09;2022-10-09
1110982;3;0;0;1;2022-10-09;2022-10-09;2022-10-09
1110983;1;0;0;1;2022-10-09;2022-10-09;2022-10-09
1110984;1;0;0;1;2022-10-09;2022-10-09;2022-10-09
1110985;1;0;0;1;2022-10-09;2022-10-09;2022-10-09
1110986;1;0;0;1;2022-10-09;2022-10-09;2022-10-09
1110987;3;0;0;1;2022-10-09;2022-10-09;2022-10-09
1110988;2;0;0;1;2022-10-09;2022-10-09;2022-10-09
1110989;3;0;0;1;2022-10-09;2022-10-09;2022-10-09
1110990;1;0;0;1;2022-10-09;2022-10-09;2022-10-09
1110991;1;0;0;1;2022-10-09;2022-10-09;2022-10-09
1110992;1;0;0;1;2022-10-09;2022-10-09;2022-10-09
1110993;1;0;0;1;2022-10-09;2022-10-09;2022-10-09
1110994;2;0;0;1;2022-10-09;2022-10-09;2022-10-09
1110995;3;0;0;1;2022-10-09;2022-10-09;2022-10-09
1110996;2;0;0;1;2022-10-09;2022-10-09;2022-10-09
1110997;3;0;0;1;2022-10-09;2022-10-09;2022-10-09
1110998;1;0;0;1;2022-10-09;2022-10-09;2022-10-09
1110999;1;0;0;1;2022-10-09;2022-10-09;2022-10-09
1111000;1;0;0;1;2022-10-09;2022-10-09;2022-10-09
1111001;2;0;0;1;2022-10-09;2022-10-09;2022-10-09
1111002;1;0;0;1;2022-10-09;2022-10-09;2022-10-09
1111003;1;0;0;1;2022-10-09;2022-10-09;2022-10-09
1111004;1;0;0;1;2022-10-09;2022-10-09;2022-10-09
1111005;3;0;0;1;2022-10-09;2022-10-09;2022-10-09
1111006;1;0;0;1;2022-10-09;2022-10-09;2022-10-09
1111007;3;0;0;1;2022-10-09;2022-10-09;2022-10-09
1111008;2;0;0;1;2022-10-09;2022-10-09;2022-10-09
1111009;3;0;0;1;2022-10-09;2022-10-09;2022-10-09
1111010;3;0;0;1;2022-10-09;2022-10-09;2022-10-09
1111011;2;0;0;1;2022-10-09;2022-10-09;2022-10-09
1111012;2;0;0;1;2022-10-09;2022-10-09;2022-10-09
1111013;3;0;0;1;2022-10-09;2022-10-09;2022-10-09
1111014;2;0;0;1;2022-10-09;2022-10-09;2022-10-09
1111015;1;0;0;1;2022-10-09;2022-10-09;2022-10-09
1111016;1;0;0;1;2022-10-09;2022-10-09;2022-10-09
1111017;2;0;0;1;2022-10-09;2022-10-09;2022-10-09
1111018;1;0;0;1;2022-10-09;2022-10-09;2022-10-09
1111019;1;0;0;1;2022-10-09;2022-10-09;2022-10-09
1111020;2;0;0;1;2022-10-09;2022-10-09;2022-10-09
1111021;1;0;0;1;2022-10-09;2022-10-09;2022-10-09
1111022;2;0;0;1;2022-10-09;2022-10-09;2022-10-09
1111023;2;0;0;1;2022-10-09;2022-10-09;2022-10-09
1111024;2;0;0;1;2022-10-09;2022-10-09;2022-10-09
1111025;3;0;0;1;2022-10-09;2022-10-09;2022-10-09
1111026;1;0;0;1;2022-10-09;2022-10-09;2022-10-09
1111027;1;0;0;1;2022-10-09;2022-10-09;2022-10-09
1111028;1;0;0;1;2022-10-09;2022-10-09;2022-10-09
1111029;2;0;0;1;2022-10-09;2022-10-09;2022-10-09
1111030;3;0;0;1;2022-10-09;2022-10-09;2022-10-09
1111031;3;0;0;1;2022-10-09;2022-10-09;2022-10-09
1111032;2;0;0;1;2022-10-09;2022-10-09;2022-10-09
1111033;3;0;0;1;2022-10-09;2022-10-09;2022-10-09
1111034;1;0;0;1;2022-10-09;2022-10-09;2022-10-09
1111035;1;0;0;1;2022-10-09;2022-10-09;2022-10-09
1111036;2;0;0;1;2022-10-09;2022-10-09;2022-10-09
1111037;1;0;0;1;2022-10-09;2022-10-09;2022-10-09
1111038;3;0;0;1;2022-10-09;2022-10-09;2022-10-09
1111039;1;0;0;1;2022-10-09;2022-10-09;2022-10-09
1111040;2;0;0;1;2022-10-09;2022-10-09;2022-10-09
1111041;1;0;0;1;2022-10-09;2022-10-09;2022-10-09
1111042;3;0;0;1;2022-10-09;2022-10-09;2022-10-09
1111043;2;0;0;1;2022-10-09;2022-10-09;2022-10-09
1111044;2;0;0;1;2022-10-09;2022-10-09;2022-10-09
1111045;2;0;0;1;2022-10-09;2022-10-09;2022-10-09
1111046;2;0;0;1;2022-10-09;2022-10-09;2022-10-09
1111047;3;0;0;1;2022-10-09;2022-10-09;2022-10-09
1111048;2;0;0;1;2022-10-09;2022-10-09;2022-10-09
1111049;2;0;0;1;2022-10-09;2022-10-09;2022-10-09
1111050;3;0;0;1;2022-10-09;2022-10-09;2022-10-09
1111051;3;0;0;1;2022-10-09;2022-10-09;2022-10-09
1111052;2;0;0;1;2022-10-09;2022-10-09;2022-10-09
1111053;3;0;0;1;2022-10-09;2022-10-09;2022-10-09
1111054;2;0;0;1;2022-10-09;2022-10-09;2022-10-09
1111055;2;0;0;1;2022-10-09;2022-10-09;2022-10-09
1111056;2;0;0;1;2022-10-09;2022-10-09;2022-10-09
1111057;3;0;0;1;2022-10-09;2022-10-09;2022-10-09
1111058;1;0;0;1;2022-10-09;2022-10-09;2022-10-09
1111059;3;0;0;1;2022-10-09;2022-10-09;2022-10-09
1111060;2;0;0;1;2022-10-09;2022-10-09;2022-10-09
1111061;3;0;0;1;2022-10-09;2022-10-09;2022-10-09
1111062;3;0;0;1;2022-10-09;2022-10-09;2022-10-09
1111063;2;0;0;1;2022-10-09;2022-10-09;2022-10-09
1111064;3;0;0;1;2022-10-09;2022-10-09;2022-10-09
1111065;1;0;0;1;2022-10-09;2022-10-09;2022-10-09
1111066;1;0;0;1;2022-10-09;2022-10-09;2022-10-09
1111067;2;0;0;1;2022-10-09;2022-10-09;2022-10-09
1111068;1;0;0;1;2022-10-09;2022-10-09;2022-10-09
1111069;1;0;0;1;2022-10-09;2022-10-09;2022-10-09
1111070;1;0;0;1;2022-10-09;2022-10-09;2022-10-09
1111071;2;0;0;1;2022-10-09;2022-10-09;2022-10-09
1111072;3;0;0;1;2022-10-09;2022-10-09;2022-10-09
1111073;3;0;0;1;2022-10-09;2022-10-09;2022-10-09
1111074;1;0;0;1;2022-10-09;2022-10-09;2022-10-09
1111075;1;0;0;1;2022-10-09;2022-10-09;2022-10-09
1111076;3;0;0;1;2022-10-09;2022-10-09;2022-10-09
1111077;2;0;0;1;2022-10-09;2022-10-09;2022-10-09
1111078;3;0;0;1;2022-10-09;2022-10-09;2022-10-09
1111079;3;0;0;1;2022-10-09;2022-10-09;2022-10-09
1111080;3;0;0;1;2022-10-09;2022-10-09;2022-10-09
1111081;2;0;0;1;2022-10-09;2022-10-09;2022-10-09
1111082;2;0;0;1;2022-10-09;2022-10-09;2022-10-09
1111083;1;0;0;1;2022-10-09;2022-10-09;2022-10-09
1111084;3;0;0;1;2022-10-09;2022-10-09;2022-10-09
1111085;2;0;0;1;2022-10-09;2022-10-09;2022-10-09
1111086;3;0;0;1;2022-10-09;2022-10-09;2022-10-09
1111087;1;0;0;1;2022-10-09;2022-10-09;2022-10-09
1111088;3;0;0;1;2022-10-09;2022-10-09;2022-10-09
1111089;1;0;0;1;2022-10-09;2022-10-09;2022-10-09
1111090;1;0;0;1;2022-10-09;2022-10-09;2022-10-09
1111091;3;0;0;1;2022-10-09;2022-10-09;2022-10-09
1111092;2;0;0;1;2022-10-09;2022-10-09;2022-10-09
1111093;2;0;0;1;2022-10-09;2022-10-09;2022-10-09
1111094;3;0;0;1;2022-10-09;2022-10-09;2022-10-09
1111095;1;0;0;1;2022-10-09;2022-10-09;2022-10-09
1111096;1;0;0;1;2022-10-09;2022-10-09;2022-10-09
1111097;1;0;0;1;2022-10-09;2022-10-09;2022-10-09
1111098;2;0;0;1;2022-10-09;2022-10-09;2022-10-09
1111099;1;0;0;1;2022-10-09;2022-10-09;2022-10-09
1111100;2;0;0;1;2022-10-09;2022-10-09;2022-10-09
1111101;3;0;0;1;2022-10-09;2022-10-09;2022-10-09
1111102;3;0;0;1;2022-10-09;2022-10-09;2022-10-09
1111103;1;0;0;1;2022-10-09;2022-10-09;2022-10-09
1111104;1;0;0;1;2022-10-09;2022-10-09;2022-10-09
1111105;3;0;0;1;2022-10-09;2022-10-09;2022-10-09
1111106;2;0;0;1;2022-10-09;2022-10-09;2022-10-09
1111107;2;0;0;1;2022-10-09;2022-10-09;2022-10-09
1111108;1;0;0;1;2022-10-09;2022-10-09;2022-10-09
1111109;1;0;0;1;2022-10-09;2022-10-09;2022-10-09
1111110;3;0;0;1;2022-10-09;2022-10-09;2022-10-09
1111111;1;0;0;1;2022-10-09;2022-10-09;2022-10-09
1111112;2;0;0;1;2022-10-09;2022-10-09;2022-10-09
1111113;1;0;0;1;2022-10-09;2022-10-09;2022-10-09
1111114;3;0;0;1;2022-10-09;2022-10-09;2022-10-09
1111115;2;0;0;1;2022-10-09;2022-10-09;2022-10-09
1111116;1;0;0;1;2022-10-09;2022-10-09;2022-10-09
1111117;2;0;0;1;2022-10-09;2022-10-09;2022-10-09
1111118;2;0;0;1;2022-10-09;2022-10-09;2022-10-09
1111119;1;0;0;1;2022-10-09;2022-10-09;2022-10-09
1111120;1;0;0;1;2022-10-09;2022-10-09;2022-10-09
1111121;1;0;0;1;2022-10-09;2022-10-09;2022-10-09
1111122;3;0;0;1;2022-10-09;2022-10-09;2022-10-09
1111123;3;0;0;1;2022-10-09;2022-10-09;2022-10-09
1111124;2;0;0;1;2022-10-09;2022-10-09;2022-10-09
1111125;1;0;0;1;2022-10-09;2022-10-09;2022-10-09
1111126;2;0;0;1;2022-10-09;2022-10-09;2022-10-09
1111127;3;0;0;1;2022-10-09;2022-10-09;2022-10-09
1111128;1;0;0;1;2022-10-09;2022-10-09;2022-10-09
1111129;1;0;0;1;2022-10-09;2022-10-09;2022-10-09
1111130;2;0;0;1;2022-10-09;2022-10-09;2022-10-09
1111131;1;0;0;1;2022-10-09;2022-10-09;2022-10-09
1111132;1;0;0;1;2022-10-09;2022-10-09;2022-10-09
1111133;3;0;0;1;2022-10-09;2022-10-09;2022-10-09
1111134;2;0;0;1;2022-10-09;2022-10-09;2022-10-09
1111135;3;0;0;1;2022-10-09;2022-10-09;2022-10-09
1111136;2;0;0;1;2022-10-09;2022-10-09;2022-10-09
1111137;2;0;0;1;2022-10-09;2022-10-09;2022-10-09
1111138;2;0;0;1;2022-10-09;2022-10-09;2022-10-09
1111139;2;0;0;1;2022-10-09;2022-10-09;2022-10-09
1111140;2;0;0;1;2022-10-09;2022-10-09;2022-10-09
1111141;3;0;0;1;2022-10-09;2022-10-09;2022-10-09
1111142;2;0;0;1;2022-10-09;2022-10-09;2022-10-09
1111143;2;0;0;1;2022-10-09;2022-10-09;2022-10-09
1111144;2;0;0;1;2022-10-09;2022-10-09;2022-10-09
1111145;3;0;0;1;2022-10-09;2022-10-09;2022-10-09
1111146;3;0;0;1;2022-10-09;2022-10-09;2022-10-09
1111147;3;0;0;1;2022-10-09;2022-10-09;2022-10-09
1111148;2;0;0;1;2022-10-09;2022-10-09;2022-10-09
1111149;2;0;0;1;2022-10-09;2022-10-09;2022-10-09
1111150;1;0;0;1;2022-10-09;2022-10-09;2022-10-09
1111151;2;0;0;1;2022-10-09;2022-10-09;2022-10-09
1111152;1;0;0;1;2022-10-09;2022-10-09;2022-10-09
1111153;1;0;0;1;2022-10-09;2022-10-09;2022-10-09
1111154;1;0;0;1;2022-10-09;2022-10-09;2022-10-09
1111155;3;0;0;1;2022-10-09;2022-10-09;2022-10-09
1111156;2;0;0;1;2022-10-09;2022-10-09;2022-10-09
1111157;1;0;0;1;2022-10-09;2022-10-09;2022-10-09
1111158;3;0;0;1;2022-10-09;2022-10-09;2022-10-09
1111159;2;0;0;1;2022-10-09;2022-10-09;2022-10-09
1111160;3;0;0;1;2022-10-09;2022-10-09;2022-10-09
1111161;1;0;0;1;2022-10-09;2022-10-09;2022-10-09
1111162;2;0;0;1;2022-10-09;2022-10-09;2022-10-09
1111163;1;0;0;1;2022-10-09;2022-10-09;2022-10-09
1111164;3;0;0;1;2022-10-09;2022-10-09;2022-10-09
1111165;3;0;0;1;2022-10-09;2022-10-09;2022-10-09
1111166;1;0;0;1;2022-10-09;2022-10-09;2022-10-09
1111167;3;0;0;1;2022-10-09;2022-10-09;2022-10-09
1111168;1;0;0;1;2022-10-09;2022-10-09;2022-10-09
1111169;1;0;0;1;2022-10-09;2022-10-09;2022-10-09
1111170;2;0;0;1;2022-10-09;2022-10-09;2022-10-09
1111171;1;0;0;1;2022-10-09;2022-10-09;2022-10-09
1111172;3;0;0;1;2022-10-09;2022-10-09;2022-10-09
1111173;1;0;0;1;2022-10-09;2022-10-09;2022-10-09
1111174;1;0;0;1;2022-10-09;2022-10-09;2022-10-09
1111175;2;0;0;1;2022-10-09;2022-10-09;2022-10-09
1111176;2;0;0;1;2022-10-09;2022-10-09;2022-10-09
1111177;3;0;0;1;2022-10-09;2022-10-09;2022-10-09
1111178;2;0;0;1;2022-10-09;2022-10-09;2022-10-09
1111179;3;0;0;1;2022-10-09;2022-10-09;2022-10-09
1111180;1;0;0;1;2022-10-09;2022-10-09;2022-10-09
1111181;1;0;0;1;2022-10-09;2022-10-09;2022-10-09
1111182;3;0;0;1;2022-10-09;2022-10-09;2022-10-09
1111183;3;0;0;1;2022-10-09;2022-10-09;2022-10-09
1111184;3;0;0;1;2022-10-09;2022-10-09;2022-10-09
1111185;2;0;0;1;2022-10-09;2022-10-09;2022-10-09
1111186;1;0;0;1;2022-10-09;2022-10-09;2022-10-09
1111187;2;0;0;1;2022-10-09;2022-10-09;2022-10-09
1111188;3;0;0;1;2022-10-09;2022-10-09;2022-10-09
1111189;3;0;0;1;2022-10-09;2022-10-09;2022-10-09
1111190;2;0;0;1;2022-10-09;2022-10-09;2022-10-09
1111191;1;0;0;1;2022-10-09;2022-10-09;2022-10-09
1111192;3;0;0;1;2022-10-09;2022-10-09;2022-10-09
1111193;2;0;0;1;2022-10-09;2022-10-09;2022-10-09
1111194;2;0;0;1;2022-10-09;2022-10-09;2022-10-09
1111195;2;0;0;1;2022-10-09;2022-10-09;2022-10-09
1111196;2;0;0;1;2022-10-09;2022-10-09;2022-10-09
1111197;1;0;0;1;2022-10-09;2022-10-09;2022-10-09
1111198;3;0;0;1;2022-10-09;2022-10-09;2022-10-09
1111199;1;0;0;1;2022-10-09;2022-10-09;2022-10-09
1111200;3;0;0;1;2022-10-09;2022-10-09;2022-10-09
1111201;2;0;0;1;2022-10-09;2022-10-09;2022-10-09
1111202;1;0;0;1;2022-10-09;2022-10-09;2022-10-09
1111203;3;0;0;1;2022-10-09;2022-10-09;2022-10-09
1111204;3;0;0;1;2022-10-09;2022-10-09;2022-10-09
1111205;3;0;0;1;2022-10-09;2022-10-09;2022-10-09
1111206;1;0;0;1;2022-10-09;2022-10-09;2022-10-09
1111207;1;0;0;1;2022-10-09;2022-10-09;2022-10-09
1111208;2;0;0;1;2022-10-09;2022-10-09;2022-10-09
1111209;3;0;0;1;2022-10-09;2022-10-09;2022-10-09
1111210;2;0;0;1;2022-10-09;2022-10-09;2022-10-09
1111211;1;0;0;1;2022-10-09;2022-10-09;2022-10-09
1111212;1;0;0;1;2022-10-09;2022-10-09;2022-10-09
1111213;3;0;0;1;2022-10-09;2022-10-09;2022-10-09
1111214;1;0;0;1;2022-10-09;2022-10-09;2022-10-09
1111215;1;0;0;1;2022-10-09;2022-10-09;2022-10-09
1111216;1;0;0;1;2022-10-09;2022-10-09;2022-10-09
1111217;1;0;0;1;2022-10-09;2022-10-09;2022-10-09
1111218;2;0;0;1;2022-10-09;2022-10-09;2022-10-09
1111219;2;0;0;1;2022-10-09;2022-10-09;2022-10-09
1111220;3;0;0;1;2022-10-09;2022-10-09;2022-10-09
1111221;2;0;0;1;2022-10-09;2022-10-09;2022-10-09
1111222;2;0;0;1;2022-10-09;2022-10-09;2022-10-09
1111223;2;0;0;1;2022-10-09;2022-10-09;2022-10-09
1111224;3;0;0;1;2022-10-09;2022-10-09;2022-10-09
1111225;1;0;0;1;2022-10-09;2022-10-09;2022-10-09
1111226;2;0;0;1;2022-10-09;2022-10-09;2022-10-09
1111227;2;0;0;1;2022-10-09;2022-10-09;2022-10-09
1111228;2;0;0;1;2022-10-09;2022-10-09;2022-10-09
1111229;3;0;0;1;2022-10-09;2022-10-09;2022-10-09
1111230;3;0;0;1;2022-10-09;2022-10-09;2022-10-09
1111231;3;0;0;1;2022-10-09;2022-10-09;2022-10-09
1111232;1;0;0;1;2022-10-09;2022-10-09;2022-10-09
1111233;2;0;0;1;2022-10-09;2022-10-09;2022-10-09
1111234;3;0;0;1;2022-10-09;2022-10-09;2022-10-09
1111235;1;0;0;1;2022-10-09;2022-10-09;2022-10-09
1111236;3;0;0;1;2022-10-09;2022-10-09;2022-10-09
1111237;3;0;0;1;2022-10-09;2022-10-09;2022-10-09
1111238;3;0;0;1;2022-10-09;2022-10-09;2022-10-09
1111239;2;0;0;1;2022-10-09;2022-10-09;2022-10-09
1111240;3;0;0;1;2022-10-09;2022-10-09;2022-10-09
1111241;3;0;0;1;2022-10-09;2022-10-09;2022-10-09
1111242;1;0;0;1;2022-10-09;2022-10-09;2022-10-09
1111243;2;0;0;1;2022-10-09;2022-10-09;2022-10-09
1111244;3;0;0;1;2022-10-09;2022-10-09;2022-10-09
1111245;2;0;0;1;2022-10-09;2022-10-09;2022-10-09
1111246;1;0;0;1;2022-10-09;2022-10-09;2022-10-09
1111247;3;0;0;1;2022-10-09;2022-10-09;2022-10-09
1111248;3;0;0;1;2022-10-09;2022-10-09;2022-10-09
1111249;2;0;0;1;2022-10-09;2022-10-09;2022-10-09
1111250;3;0;0;1;2022-10-09;2022-10-09;2022-10-09
1111251;2;0;0;1;2022-10-09;2022-10-09;2022-10-09
1111252;2;0;0;1;2022-10-09;2022-10-09;2022-10-09
1111253;2;0;0;1;2022-10-09;2022-10-09;2022-10-09
1111254;1;0;0;1;2022-10-09;2022-10-09;2022-10-09
1111255;3;0;0;1;2022-10-09;2022-10-09;2022-10-09
1111256;1;0;0;1;2022-10-09;2022-10-09;2022-10-09
1111257;3;0;0;1;2022-10-09;2022-10-09;2022-10-09
1111258;1;0;0;1;2022-10-09;2022-10-09;2022-10-09
1111259;1;0;0;1;2022-10-09;2022-10-09;2022-10-09
1111260;3;0;0;1;2022-10-09;2022-10-09;2022-10-09
1111261;3;0;0;1;2022-10-09;2022-10-09;2022-10-09
1111262;3;0;0;1;2022-10-09;2022-10-09;2022-10-09
1111263;2;0;0;1;2022-10-09;2022-10-09;2022-10-09
1111264;1;0;0;1;2022-10-09;2022-10-09;2022-10-09
1111265;1;0;0;1;2022-10-09;2022-10-09;2022-10-09
1111266;3;0;0;1;2022-10-09;2022-10-09;2022-10-09
1111267;2;0;0;1;2022-10-09;2022-10-09;2022-10-09
1111268;1;0;0;1;2022-10-09;2022-10-09;2022-10-09
1111269;2;0;0;1;2022-10-09;2022-10-09;2022-10-09
1111270;3;0;0;1;2022-10-09;2022-10-09;2022-10-09
1111271;1;0;0;1;2022-10-09;2022-10-09;2022-10-09
1111272;3;0;0;1;2022-10-09;2022-10-09;2022-10-09
1111273;2;0;0;1;2022-10-09;2022-10-09;2022-10-09
1111274;3;0;0;1;2022-10-09;2022-10-09;2022-10-09
1111275;2;0;0;1;2022-10-09;2022-10-09;2022-10-09
1111276;2;0;0;1;2022-10-09;2022-10-09;2022-10-09
1111277;2;0;0;1;2022-10-09;2022-10-09;2022-10-09
1111278;2;0;0;1;2022-10-09;2022-10-09;2022-10-09
1111279;3;0;0;1;2022-10-09;2022-10-09;2022-10-09
1111280;1;0;0;1;2022-10-09;2022-10-09;2022-10-09
1111281;3;0;0;1;2022-10-09;2022-10-09;2022-10-09
1111282;2;0;0;1;2022-10-09;2022-10-09;2022-10-09
1111283;1;0;0;1;2022-10-09;2022-10-09;2022-10-09
1111284;1;0;0;1;2022-10-09;2022-10-09;2022-10-09
1111285;2;0;0;1;2022-10-09;2022-10-09;2022-10-09
1111286;3;0;0;1;2022-10-09;2022-10-09;2022-10-09
1111287;3;0;0;1;2022-10-09;2022-10-09;2022-10-09
1111288;2;0;0;1;2022-10-09;2022-10-09;2022-10-09
1111289;1;0;0;1;2022-10-09;2022-10-09;2022-10-09
1111290;3;0;0;1;2022-10-09;2022-10-09;2022-10-09
1111291;3;0;0;1;2022-10-09;2022-10-09;2022-10-09
1111292;3;0;0;1;2022-10-09;2022-10-09;2022-10-09
1111293;1;0;0;1;2022-10-09;2022-10-09;2022-10-09
1111294;1;0;0;1;2022-10-09;2022-10-09;2022-10-09
1111295;1;0;0;1;2022-10-09;2022-10-09;2022-10-09
1111296;2;0;0;1;2022-10-09;2022-10-09;2022-10-09
1111297;1;0;0;1;2022-10-09;2022-10-09;2022-10-09
1111298;2;0;0;1;2022-10-09;2022-10-09;2022-10-09
1111299;3;0;0;1;2022-10-09;2022-10-09;2022-10-09
1111300;2;0;0;1;2022-10-09;2022-10-09;2022-10-09
1111301;3;0;0;1;2022-10-09;2022-10-09;2022-10-09
1111302;1;0;0;1;2022-10-09;2022-10-09;2022-10-09
1111303;2;0;0;1;2022-10-09;2022-10-09;2022-10-09
1111304;3;0;0;1;2022-10-09;2022-10-09;2022-10-09
1111305;3;0;0;1;2022-10-09;2022-10-09;2022-10-09
1111306;3;0;0;1;2022-10-09;2022-10-09;2022-10-09
1111307;1;0;0;1;2022-10-09;2022-10-09;2022-10-09
1111308;3;0;0;1;2022-10-09;2022-10-09;2022-10-09
1111309;2;0;0;1;2022-10-09;2022-10-09;2022-10-09
1111310;3;0;0;1;2022-10-09;2022-10-09;2022-10-09
1111311;2;0;0;1;2022-10-09;2022-10-09;2022-10-09
1111312;2;0;0;1;2022-10-09;2022-10-09;2022-10-09
1111313;3;0;0;1;2022-10-09;2022-10-09;2022-10-09
1111314;2;0;0;1;2022-10-09;2022-10-09;2022-10-09
1111315;1;0;0;1;2022-10-09;2022-10-09;2022-10-09
1111316;1;0;0;1;2022-10-09;2022-10-09;2022-10-09
1111317;2;0;0;1;2022-10-09;2022-10-09;2022-10-09
1111318;2;0;0;1;2022-10-09;2022-10-09;2022-10-09
1111319;3;0;0;1;2022-10-09;2022-10-09;2022-10-09
1111320;1;0;0;1;2022-10-09;2022-10-09;2022-10-09
1111321;3;0;0;1;2022-10-09;2022-10-09;2022-10-09
1111322;3;0;0;1;2022-10-09;2022-10-09;2022-10-09
1111323;3;0;0;1;2022-10-09;2022-10-09;2022-10-09
1111324;3;0;0;1;2022-10-09;2022-10-09;2022-10-09
1111325;3;0;0;1;2022-10-09;2022-10-09;2022-10-09
1111326;1;0;0;1;2022-10-09;2022-10-09;2022-10-09
1111327;1;0;0;1;2022-10-09;2022-10-09;2022-10-09
1111328;2;0;0;1;2022-10-09;2022-10-09;2022-10-09
1111329;2;0;0;1;2022-10-09;2022-10-09;2022-10-09
1111330;2;0;0;1;2022-10-09;2022-10-09;2022-10-09
1111331;1;0;0;1;2022-10-09;2022-10-09;2022-10-09
1111332;1;0;0;1;2022-10-09;2022-10-09;2022-10-09
1111333;3;0;0;1;2022-10-09;2022-10-09;2022-10-09
1111334;3;0;0;1;2022-10-09;2022-10-09;2022-10-09
1111335;1;0;0;1;2022-10-09;2022-10-09;2022-10-09
1111336;2;0;0;1;2022-10-09;2022-10-09;2022-10-09
1111337;3;0;0;1;2022-10-09;2022-10-09;2022-10-09
1111338;1;0;0;1;2022-10-09;2022-10-09;2022-10-09
1111339;1;0;0;1;2022-10-09;2022-10-09;2022-10-09
1111340;2;0;0;1;2022-10-09;2022-10-09;2022-10-09
1111341;3;0;0;1;2022-10-09;2022-10-09;2022-10-09
1111342;2;0;0;1;2022-10-09;2022-10-09;2022-10-09
1111343;1;0;0;1;2022-10-09;2022-10-09;2022-10-09
1111344;2;0;0;1;2022-10-09;2022-10-09;2022-10-09
1111345;3;0;0;1;2022-10-09;2022-10-09;2022-10-09
1111346;3;0;0;1;2022-10-09;2022-10-09;2022-10-09
1111347;2;0;0;1;2022-10-09;2022-10-09;2022-10-09
1111348;2;0;0;1;2022-10-09;2022-10-09;2022-10-09
1111349;2;0;0;1;2022-10-09;2022-10-09;2022-10-09
1111350;3;0;0;1;2022-10-09;2022-10-09;2022-10-09
1111351;3;0;0;1;2022-10-09;2022-10-09;2022-10-09
1111352;1;0;0;1;2022-10-09;2022-10-09;2022-10-09
1111353;1;0;0;1;2022-10-09;2022-10-09;2022-10-09
1111354;1;0;0;1;2022-10-09;2022-10-09;2022-10-09
1111355;3;0;0;1;2022-10-09;2022-10-09;2022-10-09
1111356;2;0;0;1;2022-10-09;2022-10-09;2022-10-09
1111357;2;0;0;1;2022-10-09;2022-10-09;2022-10-09
1111358;3;0;0;1;2022-10-09;2022-10-09;2022-10-09
1111359;1;0;0;1;2022-10-09;2022-10-09;2022-10-09
1111360;1;0;0;1;2022-10-09;2022-10-09;2022-10-09
1111361;1;0;0;1;2022-10-09;2022-10-09;2022-10-09
1111362;1;0;0;1;2022-10-09;2022-10-09;2022-10-09
1111363;3;0;0;1;2022-10-09;2022-10-09;2022-10-09
1111364;3;0;0;1;2022-10-09;2022-10-09;2022-10-09
1111365;1;0;0;1;2022-10-09;2022-10-09;2022-10-09
1111366;3;0;0;1;2022-10-09;2022-10-09;2022-10-09
1111367;3;0;0;1;2022-10-09;2022-10-09;2022-10-09
1111368;3;0;0;1;2022-10-09;2022-10-09;2022-10-09
1111369;3;0;0;1;2022-10-09;2022-10-09;2022-10-09
1111370;3;0;0;1;2022-10-09;2022-10-09;2022-10-09
1111371;3;0;0;1;2022-10-09;2022-10-09;2022-10-09
1111372;2;0;0;1;2022-10-09;2022-10-09;2022-10-09
1111373;2;0;0;1;2022-10-09;2022-10-09;2022-10-09
1111374;3;0;0;1;2022-10-09;2022-10-09;2022-10-09
1111375;2;0;0;1;2022-10-09;2022-10-09;2022-10-09
1111376;3;0;0;1;2022-10-09;2022-10-09;2022-10-09
1111377;1;0;0;1;2022-10-09;2022-10-09;2022-10-09
1111378;3;0;0;1;2022-10-09;2022-10-09;2022-10-09
1111379;2;0;0;1;2022-10-09;2022-10-09;2022-10-09
1111380;2;0;0;1;2022-10-09;2022-10-09;2022-10-09
1111381;3;0;0;1;2022-10-09;2022-10-09;2022-10-09
1111382;1;0;0;1;2022-10-09;2022-10-09;2022-10-09
1111383;1;0;0;1;2022-10-09;2022-10-09;2022-10-09
1111384;3;0;0;1;2022-10-09;2022-10-09;2022-10-09
1111385;2;0;0;1;2022-10-09;2022-10-09;2022-10-09
1111386;1;0;0;1;2022-10-09;2022-10-09;2022-10-09
1111387;2;0;0;1;2022-10-09;2022-10-09;2022-10-09
1111388;2;0;0;1;2022-10-09;2022-10-09;2022-10-09
1111389;3;0;0;1;2022-10-09;2022-10-09;2022-10-09
1111390;1;0;0;1;2022-10-09;2022-10-09;2022-10-09
1111391;2;0;0;1;2022-10-09;2022-10-09;2022-10-09
1111392;3;0;0;1;2022-10-09;2022-10-09;2022-10-09
1111393;3;0;0;1;2022-10-09;2022-10-09;2022-10-09
1111394;1;0;0;1;2022-10-09;2022-10-09;2022-10-09
1111395;3;0;0;1;2022-10-09;2022-10-09;2022-10-09
1111396;1;0;0;1;2022-10-09;2022-10-09;2022-10-09
1111397;1;0;0;1;2022-10-09;2022-10-09;2022-10-09
1111398;3;0;0;1;2022-10-09;2022-10-09;2022-10-09
1111399;1;0;0;1;2022-10-09;2022-10-09;2022-10-09
1111400;3;0;0;1;2022-10-09;2022-10-09;2022-10-09
1111401;2;0;0;1;2022-10-09;2022-10-09;2022-10-09
1111402;2;0;0;1;2022-10-09;2022-10-09;2022-10-09
1111403;1;0;0;1;2022-10-09;2022-10-09;2022-10-09
1111404;3;0;0;1;2022-10-09;2022-10-09;2022-10-09
1111405;1;0;0;1;2022-10-09;2022-10-09;2022-10-09
1111406;3;0;0;1;2022-10-09;2022-10-09;2022-10-09
1111407;3;0;0;1;2022-10-09;2022-10-09;2022-10-09
1111408;1;0;0;1;2022-10-09;2022-10-09;2022-10-09
1111409;3;0;0;1;2022-10-09;2022-10-09;2022-10-09
1111410;1;0;0;1;2022-10-09;2022-10-09;2022-10-09
1111411;2;0;0;1;2022-10-09;2022-10-09;2022-10-09
1111412;1;0;0;1;2022-10-09;2022-10-09;2022-10-09
1111413;2;0;0;1;2022-10-09;2022-10-09;2022-10-09
1111414;3;0;0;1;2022-10-09;2022-10-09;2022-10-09
1111415;1;0;0;1;2022-10-09;2022-10-09;2022-10-09
1111416;2;0;0;1;2022-10-09;2022-10-09;2022-10-09
1111417;2;0;0;1;2022-10-09;2022-10-09;2022-10-09
1111418;1;0;0;1;2022-10-09;2022-10-09;2022-10-09
1111419;3;0;0;1;2022-10-09;2022-10-09;2022-10-09
1111420;2;0;0;1;2022-10-09;2022-10-09;2022-10-09
1111421;1;0;0;1;2022-10-09;2022-10-09;2022-10-09
1111422;1;0;0;1;2022-10-09;2022-10-09;2022-10-09
1111423;3;0;0;1;2022-10-09;2022-10-09;2022-10-09
1111424;2;0;0;1;2022-10-09;2022-10-09;2022-10-09
1111425;3;0;0;1;2022-10-09;2022-10-09;2022-10-09
1111426;1;0;0;1;2022-10-09;2022-10-09;2022-10-09
1111427;2;0;0;1;2022-10-09;2022-10-09;2022-10-09
1111428;3;0;0;1;2022-10-09;2022-10-09;2022-10-09
1111429;1;0;0;1;2022-10-09;2022-10-09;2022-10-09
1111430;1;0;0;1;2022-10-09;2022-10-09;2022-10-09
1111431;2;0;0;1;2022-10-09;2022-10-09;2022-10-09
1111432;1;0;0;1;2022-10-09;2022-10-09;2022-10-09
1111433;3;0;0;1;2022-10-09;2022-10-09;2022-10-09
1111434;2;0;0;1;2022-10-09;2022-10-09;2022-10-09
1111435;2;0;0;1;2022-10-09;2022-10-09;2022-10-09
1111436;2;0;0;1;2022-10-09;2022-10-09;2022-10-09
1111437;1;0;0;1;2022-10-09;2022-10-09;2022-10-09
1111438;1;0;0;1;2022-10-09;2022-10-09;2022-10-09
1111439;2;0;0;1;2022-10-09;2022-10-09;2022-10-09
1111440;2;0;0;1;2022-10-09;2022-10-09;2022-10-09
1111441;3;0;0;1;2022-10-09;2022-10-09;2022-10-09
1111442;1;0;0;1;2022-10-09;2022-10-09;2022-10-09
1111443;2;0;0;1;2022-10-09;2022-10-09;2022-10-09
1111444;1;0;0;1;2022-10-09;2022-10-09;2022-10-09
1111445;1;0;0;1;2022-10-09;2022-10-09;2022-10-09
1111446;3;0;0;1;2022-10-09;2022-10-09;2022-10-09
1111447;2;0;0;1;2022-10-09;2022-10-09;2022-10-09
1111448;2;0;0;1;2022-10-09;2022-10-09;2022-10-09
1111449;1;0;0;1;2022-10-09;2022-10-09;2022-10-09
1111450;1;0;0;1;2022-10-09;2022-10-09;2022-10-09
1111451;3;0;0;1;2022-10-09;2022-10-09;2022-10-09
1111452;3;0;0;1;2022-10-09;2022-10-09;2022-10-09
1111453;3;0;0;1;2022-10-09;2022-10-09;2022-10-09
1111454;1;0;0;1;2022-10-09;2022-10-09;2022-10-09
1111455;3;0;0;1;2022-10-09;2022-10-09;2022-10-09
1111456;1;0;0;1;2022-10-09;2022-10-09;2022-10-09
1111457;2;0;0;1;2022-10-09;2022-10-09;2022-10-09
1111458;3;0;0;1;2022-10-09;2022-10-09;2022-10-09
1111459;2;0;0;1;2022-10-09;2022-10-09;2022-10-09
1111460;2;0;0;1;2022-10-09;2022-10-09;2022-10-09
1111461;3;0;0;1;2022-10-09;2022-10-09;2022-10-09
1111462;2;0;0;1;2022-10-09;2022-10-09;2022-10-09
1111463;3;0;0;1;2022-10-09;2022-10-09;2022-10-09
1111464;2;0;0;1;2022-10-09;2022-10-09;2022-10-09
1111465;2;0;0;1;2022-10-09;2022-10-09;2022-10-09
1111466;3;0;0;1;2022-10-09;2022-10-09;2022-10-09
1111467;1;0;0;1;2022-10-09;2022-10-09;2022-10-09
1111468;3;0;0;1;2022-10-09;2022-10-09;2022-10-09
1111469;3;0;0;1;2022-10-09;2022-10-09;2022-10-09
1111470;1;0;0;1;2022-10-09;2022-10-09;2022-10-09
1111471;2;0;0;1;2022-10-09;2022-10-09;2022-10-09
1111472;3;0;0;1;2022-10-09;2022-10-09;2022-10-09
1111473;1;0;0;1;2022-10-09;2022-10-09;2022-10-09
1111474;1;0;0;1;2022-10-09;2022-10-09;2022-10-09
1111475;1;0;0;1;2022-10-09;2022-10-09;2022-10-09
1111476;1;0;0;1;2022-10-09;2022-10-09;2022-10-09
1111477;3;0;0;1;2022-10-09;2022-10-09;2022-10-09
1111478;1;0;0;1;2022-10-09;2022-10-09;2022-10-09
1111479;2;0;0;1;2022-10-09;2022-10-09;2022-10-09
1111480;3;0;0;1;2022-10-09;2022-10-09;2022-10-09
1111481;1;0;0;1;2022-10-09;2022-10-09;2022-10-09
1111482;1;0;0;1;2022-10-09;2022-10-09;2022-10-09
1111483;1;0;0;1;2022-10-09;2022-10-09;2022-10-09
1111484;1;0;0;1;2022-10-09;2022-10-09;2022-10-09
1111485;3;0;0;1;2022-10-09;2022-10-09;2022-10-09
1111486;3;0;0;1;2022-10-09;2022-10-09;2022-10-09
1111487;3;0;0;1;2022-10-09;2022-10-09;2022-10-09
1111488;2;0;0;1;2022-10-09;2022-10-09;2022-10-09
1111489;2;0;0;1;2022-10-09;2022-10-09;2022-10-09
1111490;1;0;0;1;2022-10-09;2022-10-09;2022-10-09
1111491;2;0;0;1;2022-10-09;2022-10-09;2022-10-09
1111492;2;0;0;1;2022-10-09;2022-10-09;2022-10-09
1111493;2;0;0;1;2022-10-09;2022-10-09;2022-10-09
1111494;1;0;0;1;2022-10-09;2022-10-09;2022-10-09
1111495;2;0;0;1;2022-10-09;2022-10-09;2022-10-09
1111496;2;0;0;1;2022-10-09;2022-10-09;2022-10-09
1111497;2;0;0;1;2022-10-09;2022-10-09;2022-10-09
1111498;2;0;0;1;2022-10-09;2022-10-09;2022-10-09
1111499;1;0;0;1;2022-10-09;2022-10-09;2022-10-09
1111500;1;0;0;1;2022-10-09;2022-10-09;2022-10-09
1111501;3;0;0;1;2022-10-09;2022-10-09;2022-10-09
1111502;2;0;0;1;2022-10-09;2022-10-09;2022-10-09
1111503;3;0;0;1;2022-10-09;2022-10-09;2022-10-09
1111504;2;0;0;1;2022-10-09;2022-10-09;2022-10-09
1111505;3;0;0;1;2022-10-09;2022-10-09;2022-10-09
1111506;3;0;0;1;2022-10-09;2022-10-09;2022-10-09
1111507;2;0;0;1;2022-10-09;2022-10-09;2022-10-09
1111508;1;0;0;1;2022-10-09;2022-10-09;2022-10-09
1111509;3;0;0;1;2022-10-09;2022-10-09;2022-10-09
1111510;3;0;0;1;2022-10-09;2022-10-09;2022-10-09
1111511;3;0;0;1;2022-10-09;2022-10-09;2022-10-09
1111512;2;0;0;1;2022-10-09;2022-10-09;2022-10-09
1111513;1;0;0;1;2022-10-09;2022-10-09;2022-10-09
1111514;3;0;0;1;2022-10-09;2022-10-09;2022-10-09
1111515;2;0;0;1;2022-10-09;2022-10-09;2022-10-09
1111516;1;0;0;1;2022-10-09;2022-10-09;2022-10-09
1111517;3;0;0;1;2022-10-09;2022-10-09;2022-10-09
1111518;2;0;0;1;2022-10-09;2022-10-09;2022-10-09
1111519;3;0;0;1;2022-10-09;2022-10-09;2022-10-09
1111520;3;0;0;1;2022-10-09;2022-10-09;2022-10-09
1111521;2;0;0;1;2022-10-09;2022-10-09;2022-10-09
1111522;3;0;0;1;2022-10-09;2022-10-09;2022-10-09
1111523;3;0;0;1;2022-10-09;2022-10-09;2022-10-09
1111524;1;0;0;1;2022-10-09;2022-10-09;2022-10-09
1111525;3;0;0;1;2022-10-09;2022-10-09;2022-10-09
1111526;1;0;0;1;2022-10-09;2022-10-09;2022-10-09
1111527;3;0;0;1;2022-10-09;2022-10-09;2022-10-09
1111528;2;0;0;1;2022-10-09;2022-10-09;2022-10-09
1111529;3;0;0;1;2022-10-09;2022-10-09;2022-10-09
1111530;3;0;0;1;2022-10-09;2022-10-09;2022-10-09
1111531;2;0;0;1;2022-10-09;2022-10-09;2022-10-09
1111532;3;0;0;1;2022-10-09;2022-10-09;2022-10-09
1111533;2;0;0;1;2022-10-09;2022-10-09;2022-10-09
1111534;1;0;0;1;2022-10-09;2022-10-09;2022-10-09
1111535;3;0;0;1;2022-10-09;2022-10-09;2022-10-09
1111536;3;0;0;1;2022-10-09;2022-10-09;2022-10-09
1111537;3;0;0;1;2022-10-09;2022-10-09;2022-10-09
1111538;2;0;0;1;2022-10-09;2022-10-09;2022-10-09
1111539;3;0;0;1;2022-10-09;2022-10-09;2022-10-09
1111540;3;0;0;1;2022-10-09;2022-10-09;2022-10-09
1111541;3;0;0;1;2022-10-09;2022-10-09;2022-10-09
1111542;3;0;0;1;2022-10-09;2022-10-09;2022-10-09
1111543;1;0;0;1;2022-10-09;2022-10-09;2022-10-09
1111544;2;0;0;1;2022-10-09;2022-10-09;2022-10-09
1111545;2;0;0;1;2022-10-09;2022-10-09;2022-10-09
1111546;1;0;0;1;2022-10-09;2022-10-09;2022-10-09
1111547;3;0;0;1;2022-10-09;2022-10-09;2022-10-09
1111548;3;0;0;1;2022-10-09;2022-10-09;2022-10-09
1111549;3;0;0;1;2022-10-09;2022-10-09;2022-10-09
1111550;3;0;0;1;2022-10-09;2022-10-09;2022-10-09
1111551;3;0;0;1;2022-10-09;2022-10-09;2022-10-09
1111552;1;0;0;1;2022-10-09;2022-10-09;2022-10-09
1111553;1;0;0;1;2022-10-09;2022-10-09;2022-10-09
1111554;2;0;0;1;2022-10-09;2022-10-09;2022-10-09
1111555;1;0;0;1;2022-10-09;2022-10-09;2022-10-09
1111556;3;0;0;1;2022-10-09;2022-10-09;2022-10-09
1111557;3;0;0;1;2022-10-09;2022-10-09;2022-10-09
1111558;3;0;0;1;2022-10-09;2022-10-09;2022-10-09
1111559;3;0;0;1;2022-10-09;2022-10-09;2022-10-09
1111560;2;0;0;1;2022-10-09;2022-10-09;2022-10-09
1111561;3;0;0;1;2022-10-09;2022-10-09;2022-10-09
1111562;2;0;0;1;2022-10-09;2022-10-09;2022-10-09
1111563;2;0;0;1;2022-10-09;2022-10-09;2022-10-09
1111564;1;0;0;1;2022-10-09;2022-10-09;2022-10-09
1111565;1;0;0;1;2022-10-09;2022-10-09;2022-10-09
1111566;3;0;0;1;2022-10-09;2022-10-09;2022-10-09
1111567;2;0;0;1;2022-10-09;2022-10-09;2022-10-09
1111568;3;0;0;1;2022-10-09;2022-10-09;2022-10-09
1111569;3;0;0;1;2022-10-09;2022-10-09;2022-10-09
1111570;3;0;0;1;2022-10-09;2022-10-09;2022-10-09
1111571;1;0;0;1;2022-10-09;2022-10-09;2022-10-09
1111572;1;0;0;1;2022-10-09;2022-10-09;2022-10-09
1111573;1;0;0;1;2022-10-09;2022-10-09;2022-10-09
1111574;3;0;0;1;2022-10-09;2022-10-09;2022-10-09
1111575;3;0;0;1;2022-10-09;2022-10-09;2022-10-09
1111576;3;0;0;1;2022-10-09;2022-10-09;2022-10-09
1111577;2;0;0;1;2022-10-09;2022-10-09;2022-10-09
1111578;1;0;0;1;2022-10-09;2022-10-09;2022-10-09
1111579;3;0;0;1;2022-10-09;2022-10-09;2022-10-09
1111580;2;0;0;1;2022-10-09;2022-10-09;2022-10-09
1111581;2;0;0;1;2022-10-09;2022-10-09;2022-10-09
1111582;1;0;0;1;2022-10-09;2022-10-09;2022-10-09
1111583;3;0;0;1;2022-10-09;2022-10-09;2022-10-09
1111584;1;0;0;1;2022-10-09;2022-10-09;2022-10-09
1111585;2;0;0;1;2022-10-09;2022-10-09;2022-10-09
1111586;3;0;0;1;2022-10-09;2022-10-09;2022-10-09
1111587;1;0;0;1;2022-10-09;2022-10-09;2022-10-09
1111588;2;0;0;1;2022-10-09;2022-10-09;2022-10-09
1111589;1;0;0;1;2022-10-09;2022-10-09;2022-10-09
1111590;1;0;0;1;2022-10-09;2022-10-09;2022-10-09
1111591;3;0;0;1;2022-10-09;2022-10-09;2022-10-09
1111592;3;0;0;1;2022-10-09;2022-10-09;2022-10-09
1111593;3;0;0;1;2022-10-09;2022-10-09;2022-10-09
1111594;3;0;0;1;2022-10-09;2022-10-09;2022-10-09
1111595;2;0;0;1;2022-10-09;2022-10-09;2022-10-09
1111596;1;0;0;1;2022-10-09;2022-10-09;2022-10-09
1111597;3;0;0;1;2022-10-09;2022-10-09;2022-10-09
1111598;3;0;0;1;2022-10-09;2022-10-09;2022-10-09
1111599;3;0;0;1;2022-10-09;2022-10-09;2022-10-09
1111600;2;0;0;1;2022-10-09;2022-10-09;2022-10-09
1111601;1;0;0;1;2022-10-09;2022-10-09;2022-10-09
1111602;3;0;0;1;2022-10-09;2022-10-09;2022-10-09
1111603;3;0;0;1;2022-10-09;2022-10-09;2022-10-09
1111604;3;0;0;1;2022-10-09;2022-10-09;2022-10-09
1111605;1;0;0;1;2022-10-09;2022-10-09;2022-10-09
1111606;2;0;0;1;2022-10-09;2022-10-09;2022-10-09
1111607;2;0;0;1;2022-10-09;2022-10-09;2022-10-09
1111608;2;0;0;1;2022-10-09;2022-10-09;2022-10-09
1111609;1;0;0;1;2022-10-09;2022-10-09;2022-10-09
1111610;2;0;0;1;2022-10-09;2022-10-09;2022-10-09
1111611;3;0;0;1;2022-10-09;2022-10-09;2022-10-09
1111612;3;0;0;1;2022-10-09;2022-10-09;2022-10-09
1111613;3;0;0;1;2022-10-09;2022-10-09;2022-10-09
1111614;2;0;0;1;2022-10-09;2022-10-09;2022-10-09
1111615;2;0;0;1;2022-10-09;2022-10-09;2022-10-09
1111616;3;0;0;1;2022-10-09;2022-10-09;2022-10-09
1111617;1;0;0;1;2022-10-09;2022-10-09;2022-10-09
1111618;2;0;0;1;2022-10-09;2022-10-09;2022-10-09
1111619;1;0;0;1;2022-10-09;2022-10-09;2022-10-09
1111620;1;0;0;1;2022-10-09;2022-10-09;2022-10-09
1111621;1;0;0;1;2022-10-09;2022-10-09;2022-10-09
1111622;3;0;0;1;2022-10-09;2022-10-09;2022-10-09
1111623;3;0;0;1;2022-10-09;2022-10-09;2022-10-09
1111624;3;0;0;1;2022-10-09;2022-10-09;2022-10-09
1111625;2;0;0;1;2022-10-09;2022-10-09;2022-10-09
1111626;3;0;0;1;2022-10-09;2022-10-09;2022-10-09
1111627;3;0;0;1;2022-10-09;2022-10-09;2022-10-09
1111628;3;0;0;1;2022-10-09;2022-10-09;2022-10-09
1111629;2;0;0;1;2022-10-09;2022-10-09;2022-10-09
1111630;1;0;0;1;2022-10-09;2022-10-09;2022-10-09
1111631;3;0;0;1;2022-10-09;2022-10-09;2022-10-09
1111632;1;0;0;1;2022-10-09;2022-10-09;2022-10-09
1111633;3;0;0;1;2022-10-09;2022-10-09;2022-10-09
1111634;1;0;0;1;2022-10-09;2022-10-09;2022-10-09
1111635;1;0;0;1;2022-10-09;2022-10-09;2022-10-09
1111636;1;0;0;1;2022-10-09;2022-10-09;2022-10-09
1111637;3;0;0;1;2022-10-09;2022-10-09;2022-10-09
1111638;3;0;0;1;2022-10-09;2022-10-09;2022-10-09
1111639;3;0;0;1;2022-10-09;2022-10-09;2022-10-09
1111640;2;0;0;1;2022-10-09;2022-10-09;2022-10-09
1111641;2;0;0;1;2022-10-09;2022-10-09;2022-10-09
1111642;3;0;0;1;2022-10-09;2022-10-09;2022-10-09
1111643;2;0;0;1;2022-10-09;2022-10-09;2022-10-09
1111644;3;0;0;1;2022-10-09;2022-10-09;2022-10-09
1111645;3;0;0;1;2022-10-09;2022-10-09;2022-10-09
1111646;1;0;0;1;2022-10-09;2022-10-09;2022-10-09
1111647;3;0;0;1;2022-10-09;2022-10-09;2022-10-09
1111648;2;0;0;1;2022-10-09;2022-10-09;2022-10-09
1111649;2;0;0;1;2022-10-09;2022-10-09;2022-10-09
1111650;3;0;0;1;2022-10-09;2022-10-09;2022-10-09
1111651;3;0;0;1;2022-10-09;2022-10-09;2022-10-09
1111652;2;0;0;1;2022-10-09;2022-10-09;2022-10-09
1111653;2;0;0;1;2022-10-09;2022-10-09;2022-10-09
1111654;3;0;0;1;2022-10-09;2022-10-09;2022-10-09
1111655;2;0;0;1;2022-10-09;2022-10-09;2022-10-09
1111656;2;0;0;1;2022-10-09;2022-10-09;2022-10-09
1111657;2;0;0;1;2022-10-09;2022-10-09;2022-10-09
1111658;1;0;0;1;2022-10-09;2022-10-09;2022-10-09
1111659;1;0;0;1;2022-10-09;2022-10-09;2022-10-09
1111660;1;0;0;1;2022-10-09;2022-10-09;2022-10-09
1111661;3;0;0;1;2022-10-09;2022-10-09;2022-10-09
1111662;3;0;0;1;2022-10-09;2022-10-09;2022-10-09
1111663;2;0;0;1;2022-10-09;2022-10-09;2022-10-09
1111664;1;0;0;1;2022-10-09;2022-10-09;2022-10-09
1111665;3;0;0;1;2022-10-09;2022-10-09;2022-10-09
1111666;1;0;0;1;2022-10-09;2022-10-09;2022-10-09
1111667;1;0;0;1;2022-10-09;2022-10-09;2022-10-09
1111668;1;0;0;1;2022-10-09;2022-10-09;2022-10-09
1111669;2;0;0;1;2022-10-09;2022-10-09;2022-10-09
1111670;2;0;0;1;2022-10-09;2022-10-09;2022-10-09
1111671;1;0;0;1;2022-10-09;2022-10-09;2022-10-09
1111672;1;0;0;1;2022-10-09;2022-10-09;2022-10-09
1111673;2;0;0;1;2022-10-09;2022-10-09;2022-10-09
1111674;1;0;0;1;2022-10-09;2022-10-09;2022-10-09
1111675;1;0;0;1;2022-10-09;2022-10-09;2022-10-09
1111676;3;0;0;1;2022-10-09;2022-10-09;2022-10-09
1111677;3;0;0;1;2022-10-09;2022-10-09;2022-10-09
1111678;1;0;0;1;2022-10-09;2022-10-09;2022-10-09
1111679;3;0;0;1;2022-10-09;2022-10-09;2022-10-09
1111680;2;0;0;1;2022-10-09;2022-10-09;2022-10-09
1111681;3;0;0;1;2022-10-09;2022-10-09;2022-10-09
1111682;3;0;0;1;2022-10-09;2022-10-09;2022-10-09
1111683;3;0;0;1;2022-10-09;2022-10-09;2022-10-09
1111684;3;0;0;1;2022-10-09;2022-10-09;2022-10-09
1111685;3;0;0;1;2022-10-09;2022-10-09;2022-10-09
1111686;2;0;0;1;2022-10-09;2022-10-09;2022-10-09
1111687;3;0;0;1;2022-10-09;2022-10-09;2022-10-09
1111688;1;0;0;1;2022-10-09;2022-10-09;2022-10-09
1111689;3;0;0;1;2022-10-09;2022-10-09;2022-10-09
1111690;1;0;0;1;2022-10-09;2022-10-09;2022-10-09
1111691;1;0;0;1;2022-10-09;2022-10-09;2022-10-09
1111692;1;0;0;1;2022-10-09;2022-10-09;2022-10-09
1111693;2;0;0;1;2022-10-09;2022-10-09;2022-10-09
1111694;3;0;0;1;2022-10-09;2022-10-09;2022-10-09
1111695;2;0;0;1;2022-10-09;2022-10-09;2022-10-09
1111696;1;0;0;1;2022-10-09;2022-10-09;2022-10-09
1111697;1;0;0;1;2022-10-09;2022-10-09;2022-10-09
1111698;3;0;0;1;2022-10-09;2022-10-09;2022-10-09
1111699;1;0;0;1;2022-10-09;2022-10-09;2022-10-09
1111700;2;0;0;1;2022-10-09;2022-10-09;2022-10-09
1111701;2;0;0;1;2022-10-09;2022-10-09;2022-10-09
1111702;2;0;0;1;2022-10-09;2022-10-09;2022-10-09
1111703;1;0;0;1;2022-10-09;2022-10-09;2022-10-09
1111704;3;0;0;1;2022-10-09;2022-10-09;2022-10-09
1111705;1;0;0;1;2022-10-09;2022-10-09;2022-10-09
1111706;2;0;0;1;2022-10-09;2022-10-09;2022-10-09
1111707;1;0;0;1;2022-10-09;2022-10-09;2022-10-09
1111708;3;0;0;1;2022-10-09;2022-10-09;2022-10-09
1111709;2;0;0;1;2022-10-09;2022-10-09;2022-10-09
1111710;2;0;0;1;2022-10-09;2022-10-09;2022-10-09
1111711;3;0;0;1;2022-10-09;2022-10-09;2022-10-09
1111712;1;0;0;1;2022-10-09;2022-10-09;2022-10-09
1111713;1;0;0;1;2022-10-09;2022-10-09;2022-10-09
1111714;1;0;0;1;2022-10-09;2022-10-09;2022-10-09
1111715;3;0;0;1;2022-10-09;2022-10-09;2022-10-09
1111716;3;0;0;1;2022-10-09;2022-10-09;2022-10-09
1111717;3;0;0;1;2022-10-09;2022-10-09;2022-10-09
1111718;1;0;0;1;2022-10-09;2022-10-09;2022-10-09
1111719;2;0;0;1;2022-10-09;2022-10-09;2022-10-09
1111720;1;0;0;1;2022-10-09;2022-10-09;2022-10-09
1111721;1;0;0;1;2022-10-09;2022-10-09;2022-10-09
1111722;1;0;0;1;2022-10-09;2022-10-09;2022-10-09
1111723;2;0;0;1;2022-10-09;2022-10-09;2022-10-09
1111724;3;0;0;1;2022-10-09;2022-10-09;2022-10-09
1111725;3;0;0;1;2022-10-09;2022-10-09;2022-10-09
1111726;3;0;0;1;2022-10-09;2022-10-09;2022-10-09
1111727;3;0;0;1;2022-10-09;2022-10-09;2022-10-09
1111728;2;0;0;1;2022-10-09;2022-10-09;2022-10-09
1111729;2;0;0;1;2022-10-09;2022-10-09;2022-10-09
1111730;2;0;0;1;2022-10-09;2022-10-09;2022-10-09
1111731;2;0;0;1;2022-10-09;2022-10-09;2022-10-09
1111732;1;0;0;1;2022-10-09;2022-10-09;2022-10-09
1111733;3;0;0;1;2022-10-09;2022-10-09;2022-10-09
1111734;3;0;0;1;2022-10-09;2022-10-09;2022-10-09
1111735;3;0;0;1;2022-10-09;2022-10-09;2022-10-09
1111736;3;0;0;1;2022-10-09;2022-10-09;2022-10-09
1111737;3;0;0;1;2022-10-09;2022-10-09;2022-10-09
1111738;1;0;0;1;2022-10-09;2022-10-09;2022-10-09
1111739;3;0;0;1;2022-10-09;2022-10-09;2022-10-09
1111740;2;0;0;1;2022-10-09;2022-10-09;2022-10-09
1111741;3;0;0;1;2022-10-09;2022-10-09;2022-10-09
1111742;3;0;0;1;2022-10-09;2022-10-09;2022-10-09
1111743;3;0;0;1;2022-10-09;2022-10-09;2022-10-09
1111744;2;0;0;1;2022-10-09;2022-10-09;2022-10-09
1111745;2;0;0;1;2022-10-09;2022-10-09;2022-10-09
1111746;3;0;0;1;2022-10-09;2022-10-09;2022-10-09
1111747;3;0;0;1;2022-10-09;2022-10-09;2022-10-09
1111748;3;0;0;1;2022-10-09;2022-10-09;2022-10-09
1111749;1;0;0;1;2022-10-09;2022-10-09;2022-10-09
1111750;3;0;0;1;2022-10-09;2022-10-09;2022-10-09
1111751;1;0;0;1;2022-10-09;2022-10-09;2022-10-09
1111752;3;0;0;1;2022-10-09;2022-10-09;2022-10-09
1111753;1;0;0;1;2022-10-09;2022-10-09;2022-10-09
1111754;1;0;0;1;2022-10-09;2022-10-09;2022-10-09
1111755;2;0;0;1;2022-10-09;2022-10-09;2022-10-09
1111756;2;0;0;1;2022-10-09;2022-10-09;2022-10-09
1111757;1;0;0;1;2022-10-09;2022-10-09;2022-10-09
1111758;3;0;0;1;2022-10-09;2022-10-09;2022-10-09
1111759;1;0;0;1;2022-10-09;2022-10-09;2022-10-09
1111760;3;0;0;1;2022-10-09;2022-10-09;2022-10-09
1111761;1;0;0;1;2022-10-09;2022-10-09;2022-10-09
1111762;1;0;0;1;2022-10-09;2022-10-09;2022-10-09
1111763;1;0;0;1;2022-10-09;2022-10-09;2022-10-09
1111764;1;0;0;1;2022-10-09;2022-10-09;2022-10-09
1111765;1;0;0;1;2022-10-09;2022-10-09;2022-10-09
1111766;3;0;0;1;2022-10-09;2022-10-09;2022-10-09
1111767;1;0;0;1;2022-10-09;2022-10-09;2022-10-09
1111768;1;0;0;1;2022-10-09;2022-10-09;2022-10-09
1111769;2;0;0;1;2022-10-09;2022-10-09;2022-10-09
1111770;1;0;0;1;2022-10-09;2022-10-09;2022-10-09
1111771;1;0;0;1;2022-10-09;2022-10-09;2022-10-09
1111772;1;0;0;1;2022-10-09;2022-10-09;2022-10-09
1111773;1;0;0;1;2022-10-09;2022-10-09;2022-10-09
1111774;3;0;0;1;2022-10-09;2022-10-09;2022-10-09
1111775;2;0;0;1;2022-10-09;2022-10-09;2022-10-09
1111776;3;0;0;1;2022-10-09;2022-10-09;2022-10-09
1111777;1;0;0;1;2022-10-09;2022-10-09;2022-10-09
1111778;2;0;0;1;2022-10-09;2022-10-09;2022-10-09
1111779;1;0;0;1;2022-10-09;2022-10-09;2022-10-09
1111780;1;0;0;1;2022-10-09;2022-10-09;2022-10-09
1111781;1;0;0;1;2022-10-09;2022-10-09;2022-10-09
1111782;2;0;0;1;2022-10-09;2022-10-09;2022-10-09
1111783;1;0;0;1;2022-10-09;2022-10-09;2022-10-09
1111784;1;0;0;1;2022-10-09;2022-10-09;2022-10-09
1111785;1;0;0;1;2022-10-09;2022-10-09;2022-10-09
1111786;1;0;0;1;2022-10-09;2022-10-09;2022-10-09
1111787;2;0;0;1;2022-10-09;2022-10-09;2022-10-09
1111788;1;0;0;1;2022-10-09;2022-10-09;2022-10-09
1111789;1;0;0;1;2022-10-09;2022-10-09;2022-10-09
1111790;1;0;0;1;2022-10-09;2022-10-09;2022-10-09
1111791;2;0;0;1;2022-10-09;2022-10-09;2022-10-09
1111792;2;0;0;1;2022-10-09;2022-10-09;2022-10-09
1111793;1;0;0;1;2022-10-09;2022-10-09;2022-10-09
1111794;3;0;0;1;2022-10-09;2022-10-09;2022-10-09
1111795;1;0;0;1;2022-10-09;2022-10-09;2022-10-09
1111796;1;0;0;1;2022-10-09;2022-10-09;2022-10-09
1111797;2;0;0;1;2022-10-09;2022-10-09;2022-10-09
1111798;3;0;0;1;2022-10-09;2022-10-09;2022-10-09
1111799;3;0;0;1;2022-10-09;2022-10-09;2022-10-09
1111800;3;0;0;1;2022-10-09;2022-10-09;2022-10-09
1111801;2;0;0;1;2022-10-09;2022-10-09;2022-10-09
1111802;2;0;0;1;2022-10-09;2022-10-09;2022-10-09
1111803;1;0;0;1;2022-10-09;2022-10-09;2022-10-09
1111804;3;0;0;1;2022-10-09;2022-10-09;2022-10-09
1111805;2;0;0;1;2022-10-09;2022-10-09;2022-10-09
1111806;1;0;0;1;2022-10-09;2022-10-09;2022-10-09
1111807;1;0;0;1;2022-10-09;2022-10-09;2022-10-09
1111808;3;0;0;1;2022-10-09;2022-10-09;2022-10-09
1111809;1;0;0;1;2022-10-09;2022-10-09;2022-10-09
1111810;2;0;0;1;2022-10-09;2022-10-09;2022-10-09
1111811;1;0;0;1;2022-10-09;2022-10-09;2022-10-09
1111812;1;0;0;1;2022-10-09;2022-10-09;2022-10-09
1111813;2;0;0;1;2022-10-09;2022-10-09;2022-10-09
1111814;3;0;0;1;2022-10-09;2022-10-09;2022-10-09
1111815;2;0;0;1;2022-10-09;2022-10-09;2022-10-09
1111816;1;0;0;1;2022-10-09;2022-10-09;2022-10-09
1111817;3;0;0;1;2022-10-09;2022-10-09;2022-10-09
1111818;3;0;0;1;2022-10-09;2022-10-09;2022-10-09
1111819;2;0;0;1;2022-10-09;2022-10-09;2022-10-09
1111820;1;0;0;1;2022-10-09;2022-10-09;2022-10-09
1111821;2;0;0;1;2022-10-09;2022-10-09;2022-10-09
1111822;1;0;0;1;2022-10-09;2022-10-09;2022-10-09
1111823;2;0;0;1;2022-10-09;2022-10-09;2022-10-09
1111824;1;0;0;1;2022-10-09;2022-10-09;2022-10-09
1111825;1;0;0;1;2022-10-09;2022-10-09;2022-10-09
1111826;1;0;0;1;2022-10-09;2022-10-09;2022-10-09
1111827;2;0;0;1;2022-10-09;2022-10-09;2022-10-09
1111828;1;0;0;1;2022-10-09;2022-10-09;2022-10-09
1111829;1;0;0;1;2022-10-09;2022-10-09;2022-10-09
1111830;2;0;0;1;2022-10-09;2022-10-09;2022-10-09
1111831;1;0;0;1;2022-10-09;2022-10-09;2022-10-09
1111832;3;0;0;1;2022-10-09;2022-10-09;2022-10-09
1111833;2;0;0;1;2022-10-09;2022-10-09;2022-10-09
1111834;2;0;0;1;2022-10-09;2022-10-09;2022-10-09
1111835;1;0;0;1;2022-10-09;2022-10-09;2022-10-09
1111836;3;0;0;1;2022-10-09;2022-10-09;2022-10-09
1111837;1;0;0;1;2022-10-09;2022-10-09;2022-10-09
1111838;1;0;0;1;2022-10-09;2022-10-09;2022-10-09
1111839;3;0;0;1;2022-10-09;2022-10-09;2022-10-09
1111840;1;0;0;1;2022-10-09;2022-10-09;2022-10-09
1111841;3;0;0;1;2022-10-09;2022-10-09;2022-10-09
1111842;1;0;0;1;2022-10-09;2022-10-09;2022-10-09
1111843;2;0;0;1;2022-10-09;2022-10-09;2022-10-09
1111844;2;0;0;1;2022-10-09;2022-10-09;2022-10-09
1111845;1;0;0;1;2022-10-09;2022-10-09;2022-10-09
1111846;3;0;0;1;2022-10-09;2022-10-09;2022-10-09
1111847;3;0;0;1;2022-10-09;2022-10-09;2022-10-09
1111848;2;0;0;1;2022-10-09;2022-10-09;2022-10-09
1111849;1;0;0;1;2022-10-09;2022-10-09;2022-10-09
1111850;2;0;0;1;2022-10-09;2022-10-09;2022-10-09
1111851;1;0;0;1;2022-10-09;2022-10-09;2022-10-09
1111852;2;0;0;1;2022-10-09;2022-10-09;2022-10-09
1111853;2;0;0;1;2022-10-09;2022-10-09;2022-10-09
1111854;1;0;0;1;2022-10-09;2022-10-09;2022-10-09
1111855;2;0;0;1;2022-10-09;2022-10-09;2022-10-09
1111856;1;0;0;1;2022-10-09;2022-10-09;2022-10-09
1111857;3;0;0;1;2022-10-09;2022-10-09;2022-10-09
1111858;2;0;0;1;2022-10-09;2022-10-09;2022-10-09
1111859;2;0;0;1;2022-10-09;2022-10-09;2022-10-09
1111860;3;0;0;1;2022-10-09;2022-10-09;2022-10-09
1111861;1;0;0;1;2022-10-09;2022-10-09;2022-10-09
1111862;1;0;0;1;2022-10-09;2022-10-09;2022-10-09
1111863;3;0;0;1;2022-10-09;2022-10-09;2022-10-09
1111864;2;0;0;1;2022-10-09;2022-10-09;2022-10-09
1111865;1;0;0;1;2022-10-09;2022-10-09;2022-10-09
1111866;1;0;0;1;2022-10-09;2022-10-09;2022-10-09
1111867;1;0;0;1;2022-10-09;2022-10-09;2022-10-09
1111868;2;0;0;1;2022-10-09;2022-10-09;2022-10-09
1111869;2;0;0;1;2022-10-09;2022-10-09;2022-10-09
1111870;3;0;0;1;2022-10-09;2022-10-09;2022-10-09
1111871;1;0;0;1;2022-10-09;2022-10-09;2022-10-09
1111872;3;0;0;1;2022-10-09;2022-10-09;2022-10-09
1111873;3;0;0;1;2022-10-09;2022-10-09;2022-10-09
1111874;3;0;0;1;2022-10-09;2022-10-09;2022-10-09
1111875;2;0;0;1;2022-10-09;2022-10-09;2022-10-09
1111876;1;0;0;1;2022-10-09;2022-10-09;2022-10-09
1111877;2;0;0;1;2022-10-09;2022-10-09;2022-10-09
1111878;1;0;0;1;2022-10-09;2022-10-09;2022-10-09
1111879;2;0;0;1;2022-10-09;2022-10-09;2022-10-09
1111880;3;0;0;1;2022-10-09;2022-10-09;2022-10-09
1111881;3;0;0;1;2022-10-09;2022-10-09;2022-10-09
1111882;2;0;0;1;2022-10-09;2022-10-09;2022-10-09
1111883;2;0;0;1;2022-10-09;2022-10-09;2022-10-09
1111884;3;0;0;1;2022-10-09;2022-10-09;2022-10-09
1111885;1;0;0;1;2022-10-09;2022-10-09;2022-10-09
1111886;1;0;0;1;2022-10-09;2022-10-09;2022-10-09
1111887;1;0;0;1;2022-10-09;2022-10-09;2022-10-09
1111888;3;0;0;1;2022-10-09;2022-10-09;2022-10-09
1111889;3;0;0;1;2022-10-09;2022-10-09;2022-10-09
1111890;1;0;0;1;2022-10-09;2022-10-09;2022-10-09
1111891;1;0;0;1;2022-10-09;2022-10-09;2022-10-09
1111892;2;0;0;1;2022-10-09;2022-10-09;2022-10-09
1111893;2;0;0;1;2022-10-09;2022-10-09;2022-10-09
1111894;3;0;0;1;2022-10-09;2022-10-09;2022-10-09
1111895;2;0;0;1;2022-10-09;2022-10-09;2022-10-09
1111896;3;0;0;1;2022-10-09;2022-10-09;2022-10-09
1111897;3;0;0;1;2022-10-09;2022-10-09;2022-10-09
1111898;2;0;0;1;2022-10-09;2022-10-09;2022-10-09
1111899;3;0;0;1;2022-10-09;2022-10-09;2022-10-09
1111900;2;0;0;1;2022-10-09;2022-10-09;2022-10-09
1111901;3;0;0;1;2022-10-09;2022-10-09;2022-10-09
1111902;3;0;0;1;2022-10-09;2022-10-09;2022-10-09
1111903;1;0;0;1;2022-10-09;2022-10-09;2022-10-09
1111904;1;0;0;1;2022-10-09;2022-10-09;2022-10-09
1111905;3;0;0;1;2022-10-09;2022-10-09;2022-10-09
1111906;1;0;0;1;2022-10-09;2022-10-09;2022-10-09
1111907;1;0;0;1;2022-10-09;2022-10-09;2022-10-09
1111908;2;0;0;1;2022-10-09;2022-10-09;2022-10-09
1111909;3;0;0;1;2022-10-09;2022-10-09;2022-10-09
1111910;3;0;0;1;2022-10-09;2022-10-09;2022-10-09
1111911;3;0;0;1;2022-10-09;2022-10-09;2022-10-09
1111912;3;0;0;1;2022-10-09;2022-10-09;2022-10-09
1111913;3;0;0;1;2022-10-09;2022-10-09;2022-10-09
1111914;1;0;0;1;2022-10-09;2022-10-09;2022-10-09
1111915;1;0;0;1;2022-10-09;2022-10-09;2022-10-09
1111916;1;0;0;1;2022-10-09;2022-10-09;2022-10-09
1111917;2;0;0;1;2022-10-09;2022-10-09;2022-10-09
1111918;3;0;0;1;2022-10-09;2022-10-09;2022-10-09
1111919;3;0;0;1;2022-10-09;2022-10-09;2022-10-09
1111920;2;0;0;1;2022-10-09;2022-10-09;2022-10-09
1111921;3;0;0;1;2022-10-09;2022-10-09;2022-10-09
1111922;3;0;0;1;2022-10-09;2022-10-09;2022-10-09
1111923;1;0;0;1;2022-10-09;2022-10-09;2022-10-09
1111924;1;0;0;1;2022-10-09;2022-10-09;2022-10-09
1111925;3;0;0;1;2022-10-09;2022-10-09;2022-10-09
1111926;3;0;0;1;2022-10-09;2022-10-09;2022-10-09
1111927;2;0;0;1;2022-10-09;2022-10-09;2022-10-09
1111928;2;0;0;1;2022-10-09;2022-10-09;2022-10-09
1111929;2;0;0;1;2022-10-09;2022-10-09;2022-10-09
1111930;3;0;0;1;2022-10-09;2022-10-09;2022-10-09
1111931;3;0;0;1;2022-10-09;2022-10-09;2022-10-09
1111932;2;0;0;1;2022-10-09;2022-10-09;2022-10-09
1111933;3;0;0;1;2022-10-09;2022-10-09;2022-10-09
1111934;2;0;0;1;2022-10-09;2022-10-09;2022-10-09
1111935;2;0;0;1;2022-10-09;2022-10-09;2022-10-09
1111936;2;0;0;1;2022-10-09;2022-10-09;2022-10-09
1111937;1;0;0;1;2022-10-09;2022-10-09;2022-10-09
1111938;2;0;0;1;2022-10-09;2022-10-09;2022-10-09
1111939;1;0;0;1;2022-10-09;2022-10-09;2022-10-09
1111940;3;0;0;1;2022-10-09;2022-10-09;2022-10-09
1111941;2;0;0;1;2022-10-09;2022-10-09;2022-10-09
1111942;2;0;0;1;2022-10-09;2022-10-09;2022-10-09
1111943;2;0;0;1;2022-10-09;2022-10-09;2022-10-09
1111944;3;0;0;1;2022-10-09;2022-10-09;2022-10-09
1111945;2;0;0;1;2022-10-09;2022-10-09;2022-10-09
1111946;3;0;0;1;2022-10-09;2022-10-09;2022-10-09
1111947;2;0;0;1;2022-10-09;2022-10-09;2022-10-09
1111948;1;0;0;1;2022-10-09;2022-10-09;2022-10-09
1111949;2;0;0;1;2022-10-09;2022-10-09;2022-10-09
1111950;3;0;0;1;2022-10-09;2022-10-09;2022-10-09
1111951;1;0;0;1;2022-10-09;2022-10-09;2022-10-09
1111952;3;0;0;1;2022-10-09;2022-10-09;2022-10-09
1111953;3;0;0;1;2022-10-09;2022-10-09;2022-10-09
1111954;1;0;0;1;2022-10-09;2022-10-09;2022-10-09
1111955;3;0;0;1;2022-10-09;2022-10-09;2022-10-09
1111956;3;0;0;1;2022-10-09;2022-10-09;2022-10-09
1111957;3;0;0;1;2022-10-09;2022-10-09;2022-10-09
1111958;2;0;0;1;2022-10-09;2022-10-09;2022-10-09
1111959;3;0;0;1;2022-10-09;2022-10-09;2022-10-09
1111960;3;0;0;1;2022-10-09;2022-10-09;2022-10-09
1111961;1;0;0;1;2022-10-09;2022-10-09;2022-10-09
1111962;3;0;0;1;2022-10-09;2022-10-09;2022-10-09
1111963;3;0;0;1;2022-10-09;2022-10-09;2022-10-09
1111964;2;0;0;1;2022-10-09;2022-10-09;2022-10-09
1111965;2;0;0;1;2022-10-09;2022-10-09;2022-10-09
1111966;1;0;0;1;2022-10-09;2022-10-09;2022-10-09
1111967;1;0;0;1;2022-10-09;2022-10-09;2022-10-09
1111968;2;0;0;1;2022-10-09;2022-10-09;2022-10-09
1111969;2;0;0;1;2022-10-09;2022-10-09;2022-10-09
1111970;3;0;0;1;2022-10-09;2022-10-09;2022-10-09
1111971;3;0;0;1;2022-10-09;2022-10-09;2022-10-09
1111972;2;0;0;1;2022-10-09;2022-10-09;2022-10-09
1111973;2;0;0;1;2022-10-09;2022-10-09;2022-10-09
1111974;3;0;0;1;2022-10-09;2022-10-09;2022-10-09
1111975;3;0;0;1;2022-10-09;2022-10-09;2022-10-09
1111976;1;0;0;1;2022-10-09;2022-10-09;2022-10-09
1111977;1;0;0;1;2022-10-09;2022-10-09;2022-10-09
1111978;3;0;0;1;2022-10-09;2022-10-09;2022-10-09
1111979;2;0;0;1;2022-10-09;2022-10-09;2022-10-09
1111980;3;0;0;1;2022-10-09;2022-10-09;2022-10-09
1111981;3;0;0;1;2022-10-09;2022-10-09;2022-10-09
1111982;2;0;0;1;2022-10-09;2022-10-09;2022-10-09
1111983;2;0;0;1;2022-10-09;2022-10-09;2022-10-09
1111984;1;0;0;1;2022-10-09;2022-10-09;2022-10-09
1111985;2;0;0;1;2022-10-09;2022-10-09;2022-10-09
1111986;2;0;0;1;2022-10-09;2022-10-09;2022-10-09
1111987;2;0;0;1;2022-10-09;2022-10-09;2022-10-09
1111988;1;0;0;1;2022-10-09;2022-10-09;2022-10-09
1111989;3;0;0;1;2022-10-09;2022-10-09;2022-10-09
1111990;2;0;0;1;2022-10-09;2022-10-09;2022-10-09
1111991;2;0;0;1;2022-10-09;2022-10-09;2022-10-09
1111992;2;0;0;1;2022-10-09;2022-10-09;2022-10-09
1111993;2;0;0;1;2022-10-09;2022-10-09;2022-10-09
1111994;3;0;0;1;2022-10-09;2022-10-09;2022-10-09
1111995;3;0;0;1;2022-10-09;2022-10-09;2022-10-09
1111996;3;0;0;1;2022-10-09;2022-10-09;2022-10-09
1111997;1;0;0;1;2022-10-09;2022-10-09;2022-10-09
1111998;3;0;0;1;2022-10-09;2022-10-09;2022-10-09
1111999;2;0;0;1;2022-10-09;2022-10-09;2022-10-09
1112000;1;0;0;1;2022-10-09;2022-10-09;2022-10-09
1112001;3;0;0;1;2022-10-09;2022-10-09;2022-10-09
1112002;2;0;0;1;2022-10-09;2022-10-09;2022-10-09
1112003;1;0;0;1;2022-10-09;2022-10-09;2022-10-09
1112004;2;0;0;1;2022-10-09;2022-10-09;2022-10-09
1112005;2;0;0;1;2022-10-09;2022-10-09;2022-10-09
1112006;1;0;0;1;2022-10-09;2022-10-09;2022-10-09
1112007;2;0;0;1;2022-10-09;2022-10-09;2022-10-09
1112008;1;0;0;1;2022-10-09;2022-10-09;2022-10-09
1112009;1;0;0;1;2022-10-09;2022-10-09;2022-10-09
1112010;3;0;0;1;2022-10-09;2022-10-09;2022-10-09
1112011;2;0;0;1;2022-10-09;2022-10-09;2022-10-09
1112012;1;0;0;1;2022-10-09;2022-10-09;2022-10-09
1112013;3;0;0;1;2022-10-09;2022-10-09;2022-10-09
1112014;1;0;0;1;2022-10-09;2022-10-09;2022-10-09
1112015;3;0;0;1;2022-10-09;2022-10-09;2022-10-09
1112016;1;0;0;1;2022-10-09;2022-10-09;2022-10-09
1112017;1;0;0;1;2022-10-09;2022-10-09;2022-10-09
1112018;3;0;0;1;2022-10-09;2022-10-09;2022-10-09
1112019;1;0;0;1;2022-10-09;2022-10-09;2022-10-09
1112020;2;0;0;1;2022-10-09;2022-10-09;2022-10-09
1112021;1;0;0;1;2022-10-09;2022-10-09;2022-10-09
1112022;1;0;0;1;2022-10-09;2022-10-09;2022-10-09
1112023;2;0;0;1;2022-10-09;2022-10-09;2022-10-09
1112024;3;0;0;1;2022-10-09;2022-10-09;2022-10-09
1112025;3;0;0;1;2022-10-09;2022-10-09;2022-10-09
1112026;3;0;0;1;2022-10-09;2022-10-09;2022-10-09
1112027;3;0;0;1;2022-10-09;2022-10-09;2022-10-09
1112028;1;0;0;1;2022-10-09;2022-10-09;2022-10-09
1112029;3;0;0;1;2022-10-09;2022-10-09;2022-10-09
1112030;1;0;0;1;2022-10-09;2022-10-09;2022-10-09
1112031;2;0;0;1;2022-10-09;2022-10-09;2022-10-09
1112032;2;0;0;1;2022-10-09;2022-10-09;2022-10-09
1112033;3;0;0;1;2022-10-09;2022-10-09;2022-10-09
1112034;3;0;0;1;2022-10-09;2022-10-09;2022-10-09
1112035;1;0;0;1;2022-10-09;2022-10-09;2022-10-09
1112036;1;0;0;1;2022-10-09;2022-10-09;2022-10-09
1112037;2;0;0;1;2022-10-09;2022-10-09;2022-10-09
1112038;3;0;0;1;2022-10-09;2022-10-09;2022-10-09
1112039;3;0;0;1;2022-10-09;2022-10-09;2022-10-09
1112040;1;0;0;1;2022-10-09;2022-10-09;2022-10-09
1112041;1;0;0;1;2022-10-09;2022-10-09;2022-10-09
1112042;1;0;0;1;2022-10-09;2022-10-09;2022-10-09
1112043;2;0;0;1;2022-10-09;2022-10-09;2022-10-09
1112044;1;0;0;1;2022-10-09;2022-10-09;2022-10-09
1112045;2;0;0;1;2022-10-09;2022-10-09;2022-10-09
1112046;3;0;0;1;2022-10-09;2022-10-09;2022-10-09
1112047;1;0;0;1;2022-10-09;2022-10-09;2022-10-09
1112048;3;0;0;1;2022-10-09;2022-10-09;2022-10-09
1112049;3;0;0;1;2022-10-09;2022-10-09;2022-10-09
1112050;3;0;0;1;2022-10-09;2022-10-09;2022-10-09
1112051;1;0;0;1;2022-10-09;2022-10-09;2022-10-09
1112052;3;0;0;1;2022-10-09;2022-10-09;2022-10-09
1112053;2;0;0;1;2022-10-09;2022-10-09;2022-10-09
1112054;3;0;0;1;2022-10-09;2022-10-09;2022-10-09
1112055;2;0;0;1;2022-10-09;2022-10-09;2022-10-09
1112056;2;0;0;1;2022-10-09;2022-10-09;2022-10-09
1112057;1;0;0;1;2022-10-09;2022-10-09;2022-10-09
1112058;1;0;0;1;2022-10-09;2022-10-09;2022-10-09
1112059;3;0;0;1;2022-10-09;2022-10-09;2022-10-09
1112060;3;0;0;1;2022-10-09;2022-10-09;2022-10-09
1112061;1;0;0;1;2022-10-09;2022-10-09;2022-10-09
1112062;2;0;0;1;2022-10-09;2022-10-09;2022-10-09
1112063;2;0;0;1;2022-10-09;2022-10-09;2022-10-09
1112064;2;0;0;1;2022-10-09;2022-10-09;2022-10-09
1112065;2;0;0;1;2022-10-09;2022-10-09;2022-10-09
1112066;3;0;0;1;2022-10-09;2022-10-09;2022-10-09
1112067;1;0;0;1;2022-10-09;2022-10-09;2022-10-09
1112068;2;0;0;1;2022-10-09;2022-10-09;2022-10-09
1112069;2;0;0;1;2022-10-09;2022-10-09;2022-10-09
1112070;2;0;0;1;2022-10-09;2022-10-09;2022-10-09
1112071;1;0;0;1;2022-10-09;2022-10-09;2022-10-09
1112072;1;0;0;1;2022-10-09;2022-10-09;2022-10-09
1112073;3;0;0;1;2022-10-09;2022-10-09;2022-10-09
1112074;3;0;0;1;2022-10-09;2022-10-09;2022-10-09
1112075;2;0;0;1;2022-10-09;2022-10-09;2022-10-09
1112076;3;0;0;1;2022-10-09;2022-10-09;2022-10-09
1112077;2;0;0;1;2022-10-09;2022-10-09;2022-10-09
1112078;3;0;0;1;2022-10-09;2022-10-09;2022-10-09
1112079;3;0;0;1;2022-10-09;2022-10-09;2022-10-09
1112080;2;0;0;1;2022-10-09;2022-10-09;2022-10-09
1112081;1;0;0;1;2022-10-09;2022-10-09;2022-10-09
1112082;3;0;0;1;2022-10-09;2022-10-09;2022-10-09
1112083;1;0;0;1;2022-10-09;2022-10-09;2022-10-09
1112084;1;0;0;1;2022-10-09;2022-10-09;2022-10-09
1112085;3;0;0;1;2022-10-09;2022-10-09;2022-10-09
1112086;3;0;0;1;2022-10-09;2022-10-09;2022-10-09
1112087;2;0;0;1;2022-10-09;2022-10-09;2022-10-09
1112088;1;0;0;1;2022-10-09;2022-10-09;2022-10-09
1112089;3;0;0;1;2022-10-09;2022-10-09;2022-10-09
1112090;1;0;0;1;2022-10-09;2022-10-09;2022-10-09
1112091;3;0;0;1;2022-10-09;2022-10-09;2022-10-09
1112092;1;0;0;1;2022-10-09;2022-10-09;2022-10-09
1112093;3;0;0;1;2022-10-09;2022-10-09;2022-10-09
1112094;1;0;0;1;2022-10-09;2022-10-09;2022-10-09
1112095;1;0;0;1;2022-10-09;2022-10-09;2022-10-09
1112096;3;0;0;1;2022-10-09;2022-10-09;2022-10-09
1112097;2;0;0;1;2022-10-09;2022-10-09;2022-10-09
1112098;3;0;0;1;2022-10-09;2022-10-09;2022-10-09
1112099;1;0;0;1;2022-10-09;2022-10-09;2022-10-09
1112100;1;0;0;1;2022-10-09;2022-10-09;2022-10-09
1112101;2;0;0;1;2022-10-09;2022-10-09;2022-10-09
1112102;1;0;0;1;2022-10-09;2022-10-09;2022-10-09
1112103;2;0;0;1;2022-10-09;2022-10-09;2022-10-09
1112104;2;0;0;1;2022-10-09;2022-10-09;2022-10-09
1112105;2;0;0;1;2022-10-09;2022-10-09;2022-10-09
1112106;2;0;0;1;2022-10-09;2022-10-09;2022-10-09
1112107;3;0;0;1;2022-10-09;2022-10-09;2022-10-09
1112108;3;0;0;1;2022-10-09;2022-10-09;2022-10-09
1112109;1;0;0;1;2022-10-09;2022-10-09;2022-10-09
1112110;1;0;0;1;2022-10-09;2022-10-09;2022-10-09
1112111;2;0;0;1;2022-10-09;2022-10-09;2022-10-09
1112112;2;0;0;1;2022-10-09;2022-10-09;2022-10-09
1112113;3;0;0;1;2022-10-09;2022-10-09;2022-10-09
1112114;2;0;0;1;2022-10-09;2022-10-09;2022-10-09
1112115;2;0;0;1;2022-10-09;2022-10-09;2022-10-09
1112116;1;0;0;1;2022-10-09;2022-10-09;2022-10-09
1112117;3;0;0;1;2022-10-09;2022-10-09;2022-10-09
1112118;3;0;0;1;2022-10-09;2022-10-09;2022-10-09
1112119;3;0;0;1;2022-10-09;2022-10-09;2022-10-09
1112120;3;0;0;1;2022-10-09;2022-10-09;2022-10-09
1112121;1;0;0;1;2022-10-09;2022-10-09;2022-10-09
1112122;3;0;0;1;2022-10-09;2022-10-09;2022-10-09
1112123;1;0;0;1;2022-10-09;2022-10-09;2022-10-09
1112124;3;0;0;1;2022-10-09;2022-10-09;2022-10-09
1112125;1;0;0;1;2022-10-09;2022-10-09;2022-10-09
1112126;2;0;0;1;2022-10-09;2022-10-09;2022-10-09
1112127;3;0;0;1;2022-10-09;2022-10-09;2022-10-09
1112128;3;0;0;1;2022-10-09;2022-10-09;2022-10-09
1112129;2;0;0;1;2022-10-09;2022-10-09;2022-10-09
1112130;2;0;0;1;2022-10-09;2022-10-09;2022-10-09
1112131;3;0;0;1;2022-10-09;2022-10-09;2022-10-09
1112132;3;0;0;1;2022-10-09;2022-10-09;2022-10-09
1112133;3;0;0;1;2022-10-09;2022-10-09;2022-10-09
1112134;1;0;0;1;2022-10-09;2022-10-09;2022-10-09
1112135;2;0;0;1;2022-10-09;2022-10-09;2022-10-09
1112136;3;0;0;1;2022-10-09;2022-10-09;2022-10-09
1112137;1;0;0;1;2022-10-09;2022-10-09;2022-10-09
1112138;2;0;0;1;2022-10-09;2022-10-09;2022-10-09
1112139;1;0;0;1;2022-10-09;2022-10-09;2022-10-09
1112140;1;0;0;1;2022-10-09;2022-10-09;2022-10-09
1112141;1;0;0;1;2022-10-09;2022-10-09;2022-10-09
1112142;2;0;0;1;2022-10-09;2022-10-09;2022-10-09
1112143;1;0;0;1;2022-10-09;2022-10-09;2022-10-09
1112144;3;0;0;1;2022-10-09;2022-10-09;2022-10-09
1112145;2;0;0;1;2022-10-09;2022-10-09;2022-10-09
1112146;2;0;0;1;2022-10-09;2022-10-09;2022-10-09
1112147;2;0;0;1;2022-10-09;2022-10-09;2022-10-09
1112148;2;0;0;1;2022-10-09;2022-10-09;2022-10-09
1112149;2;0;0;1;2022-10-09;2022-10-09;2022-10-09
1112150;2;0;0;1;2022-10-09;2022-10-09;2022-10-09
1112151;2;0;0;1;2022-10-09;2022-10-09;2022-10-09
1112152;1;0;0;1;2022-10-09;2022-10-09;2022-10-09
1112153;1;0;0;1;2022-10-09;2022-10-09;2022-10-09
1112154;3;0;0;1;2022-10-09;2022-10-09;2022-10-09
1112155;1;0;0;1;2022-10-09;2022-10-09;2022-10-09
1112156;2;0;0;1;2022-10-09;2022-10-09;2022-10-09
1112157;2;0;0;1;2022-10-09;2022-10-09;2022-10-09
1112158;3;0;0;1;2022-10-09;2022-10-09;2022-10-09
1112159;3;0;0;1;2022-10-09;2022-10-09;2022-10-09
1112160;3;0;0;1;2022-10-09;2022-10-09;2022-10-09
1112161;3;0;0;1;2022-10-09;2022-10-09;2022-10-09
1112162;2;0;0;1;2022-10-09;2022-10-09;2022-10-09
1112163;2;0;0;1;2022-10-09;2022-10-09;2022-10-09
1112164;3;0;0;1;2022-10-09;2022-10-09;2022-10-09
1112165;3;0;0;1;2022-10-09;2022-10-09;2022-10-09
1112166;1;0;0;1;2022-10-09;2022-10-09;2022-10-09
1112167;2;0;0;1;2022-10-09;2022-10-09;2022-10-09
1112168;3;0;0;1;2022-10-09;2022-10-09;2022-10-09
1112169;2;0;0;1;2022-10-09;2022-10-09;2022-10-09
1112170;1;0;0;1;2022-10-09;2022-10-09;2022-10-09
1112171;1;0;0;1;2022-10-09;2022-10-09;2022-10-09
1112172;2;0;0;1;2022-10-09;2022-10-09;2022-10-09
1112173;1;0;0;1;2022-10-09;2022-10-09;2022-10-09
1112174;3;0;0;1;2022-10-09;2022-10-09;2022-10-09
1112175;2;0;0;1;2022-10-09;2022-10-09;2022-10-09
1112176;3;0;0;1;2022-10-09;2022-10-09;2022-10-09
1112177;1;0;0;1;2022-10-09;2022-10-09;2022-10-09
1112178;2;0;0;1;2022-10-09;2022-10-09;2022-10-09
1112179;2;0;0;1;2022-10-09;2022-10-09;2022-10-09
1112180;1;0;0;1;2022-10-09;2022-10-09;2022-10-09
1112181;2;0;0;1;2022-10-09;2022-10-09;2022-10-09
1112182;3;0;0;1;2022-10-09;2022-10-09;2022-10-09
1112183;3;0;0;1;2022-10-09;2022-10-09;2022-10-09
1112184;2;0;0;1;2022-10-09;2022-10-09;2022-10-09
1112185;1;0;0;1;2022-10-09;2022-10-09;2022-10-09
1112186;1;0;0;1;2022-10-09;2022-10-09;2022-10-09
1112187;3;0;0;1;2022-10-09;2022-10-09;2022-10-09
1112188;3;0;0;1;2022-10-09;2022-10-09;2022-10-09
1112189;3;0;0;1;2022-10-09;2022-10-09;2022-10-09
1112190;2;0;0;1;2022-10-09;2022-10-09;2022-10-09
1112191;1;0;0;1;2022-10-09;2022-10-09;2022-10-09
1112192;2;0;0;1;2022-10-09;2022-10-09;2022-10-09
1112193;3;0;0;1;2022-10-09;2022-10-09;2022-10-09
1112194;2;0;0;1;2022-10-09;2022-10-09;2022-10-09
1112195;2;0;0;1;2022-10-09;2022-10-09;2022-10-09
1112196;1;0;0;1;2022-10-09;2022-10-09;2022-10-09
1112197;3;0;0;1;2022-10-09;2022-10-09;2022-10-09
1112198;3;0;0;1;2022-10-09;2022-10-09;2022-10-09
1112199;2;0;0;1;2022-10-09;2022-10-09;2022-10-09
