SubjectDetailId;ClassromId;Created;Modified
1;123;2022-10-09;2022-10-09
2;18;2022-10-09;2022-10-09
3;120;2022-10-09;2022-10-09
4;137;2022-10-09;2022-10-09
5;50;2022-10-09;2022-10-09
6;98;2022-10-09;2022-10-09
7;53;2022-10-09;2022-10-09
8;178;2022-10-09;2022-10-09
9;169;2022-10-09;2022-10-09
10;152;2022-10-09;2022-10-09
11;153;2022-10-09;2022-10-09
12;175;2022-10-09;2022-10-09
13;72;2022-10-09;2022-10-09
14;77;2022-10-09;2022-10-09
15;132;2022-10-09;2022-10-09
16;39;2022-10-09;2022-10-09
17;88;2022-10-09;2022-10-09
18;64;2022-10-09;2022-10-09
19;64;2022-10-09;2022-10-09
20;170;2022-10-09;2022-10-09
21;118;2022-10-09;2022-10-09
22;105;2022-10-09;2022-10-09
23;137;2022-10-09;2022-10-09
24;22;2022-10-09;2022-10-09
25;165;2022-10-09;2022-10-09
26;48;2022-10-09;2022-10-09
27;85;2022-10-09;2022-10-09
28;33;2022-10-09;2022-10-09
29;102;2022-10-09;2022-10-09
30;110;2022-10-09;2022-10-09
31;158;2022-10-09;2022-10-09
32;159;2022-10-09;2022-10-09
33;135;2022-10-09;2022-10-09
34;72;2022-10-09;2022-10-09
35;32;2022-10-09;2022-10-09
36;55;2022-10-09;2022-10-09
37;77;2022-10-09;2022-10-09
38;112;2022-10-09;2022-10-09
39;44;2022-10-09;2022-10-09
40;169;2022-10-09;2022-10-09
41;48;2022-10-09;2022-10-09
42;166;2022-10-09;2022-10-09
43;17;2022-10-09;2022-10-09
44;43;2022-10-09;2022-10-09
45;84;2022-10-09;2022-10-09
46;72;2022-10-09;2022-10-09
47;124;2022-10-09;2022-10-09
48;179;2022-10-09;2022-10-09
49;86;2022-10-09;2022-10-09
50;8;2022-10-09;2022-10-09
51;48;2022-10-09;2022-10-09
52;80;2022-10-09;2022-10-09
53;157;2022-10-09;2022-10-09
54;20;2022-10-09;2022-10-09
55;67;2022-10-09;2022-10-09
56;74;2022-10-09;2022-10-09
57;68;2022-10-09;2022-10-09
58;161;2022-10-09;2022-10-09
59;169;2022-10-09;2022-10-09
60;92;2022-10-09;2022-10-09
61;125;2022-10-09;2022-10-09
62;136;2022-10-09;2022-10-09
63;52;2022-10-09;2022-10-09
64;54;2022-10-09;2022-10-09
65;174;2022-10-09;2022-10-09
66;21;2022-10-09;2022-10-09
67;101;2022-10-09;2022-10-09
68;72;2022-10-09;2022-10-09
69;125;2022-10-09;2022-10-09
70;173;2022-10-09;2022-10-09
71;97;2022-10-09;2022-10-09
72;6;2022-10-09;2022-10-09
73;17;2022-10-09;2022-10-09
74;48;2022-10-09;2022-10-09
75;163;2022-10-09;2022-10-09
76;160;2022-10-09;2022-10-09
77;159;2022-10-09;2022-10-09
78;175;2022-10-09;2022-10-09
79;4;2022-10-09;2022-10-09
80;69;2022-10-09;2022-10-09
81;102;2022-10-09;2022-10-09
82;153;2022-10-09;2022-10-09
83;58;2022-10-09;2022-10-09
84;81;2022-10-09;2022-10-09
85;147;2022-10-09;2022-10-09
86;116;2022-10-09;2022-10-09
87;110;2022-10-09;2022-10-09
88;144;2022-10-09;2022-10-09
89;96;2022-10-09;2022-10-09
90;66;2022-10-09;2022-10-09
91;154;2022-10-09;2022-10-09
92;53;2022-10-09;2022-10-09
93;83;2022-10-09;2022-10-09
94;96;2022-10-09;2022-10-09
95;112;2022-10-09;2022-10-09
96;113;2022-10-09;2022-10-09
97;168;2022-10-09;2022-10-09
98;149;2022-10-09;2022-10-09
99;78;2022-10-09;2022-10-09
100;28;2022-10-09;2022-10-09
101;45;2022-10-09;2022-10-09
102;38;2022-10-09;2022-10-09
103;35;2022-10-09;2022-10-09
104;171;2022-10-09;2022-10-09
105;177;2022-10-09;2022-10-09
106;136;2022-10-09;2022-10-09
107;67;2022-10-09;2022-10-09
108;83;2022-10-09;2022-10-09
109;72;2022-10-09;2022-10-09
110;84;2022-10-09;2022-10-09
111;20;2022-10-09;2022-10-09
112;81;2022-10-09;2022-10-09
113;92;2022-10-09;2022-10-09
114;118;2022-10-09;2022-10-09
115;78;2022-10-09;2022-10-09
116;4;2022-10-09;2022-10-09
117;174;2022-10-09;2022-10-09
118;9;2022-10-09;2022-10-09
119;24;2022-10-09;2022-10-09
120;30;2022-10-09;2022-10-09
121;1;2022-10-09;2022-10-09
122;59;2022-10-09;2022-10-09
123;60;2022-10-09;2022-10-09
124;24;2022-10-09;2022-10-09
125;102;2022-10-09;2022-10-09
126;116;2022-10-09;2022-10-09
127;164;2022-10-09;2022-10-09
128;104;2022-10-09;2022-10-09
129;93;2022-10-09;2022-10-09
130;148;2022-10-09;2022-10-09
131;127;2022-10-09;2022-10-09
132;77;2022-10-09;2022-10-09
133;161;2022-10-09;2022-10-09
134;152;2022-10-09;2022-10-09
135;87;2022-10-09;2022-10-09
136;124;2022-10-09;2022-10-09
137;86;2022-10-09;2022-10-09
138;73;2022-10-09;2022-10-09
139;92;2022-10-09;2022-10-09
140;159;2022-10-09;2022-10-09
141;72;2022-10-09;2022-10-09
142;165;2022-10-09;2022-10-09
143;139;2022-10-09;2022-10-09
144;74;2022-10-09;2022-10-09
145;47;2022-10-09;2022-10-09
146;114;2022-10-09;2022-10-09
147;11;2022-10-09;2022-10-09
148;131;2022-10-09;2022-10-09
149;83;2022-10-09;2022-10-09
150;161;2022-10-09;2022-10-09
151;109;2022-10-09;2022-10-09
152;58;2022-10-09;2022-10-09
153;150;2022-10-09;2022-10-09
154;39;2022-10-09;2022-10-09
155;70;2022-10-09;2022-10-09
156;176;2022-10-09;2022-10-09
157;120;2022-10-09;2022-10-09
158;130;2022-10-09;2022-10-09
159;88;2022-10-09;2022-10-09
160;138;2022-10-09;2022-10-09
161;66;2022-10-09;2022-10-09
162;154;2022-10-09;2022-10-09
163;20;2022-10-09;2022-10-09
164;143;2022-10-09;2022-10-09
165;129;2022-10-09;2022-10-09
166;91;2022-10-09;2022-10-09
167;45;2022-10-09;2022-10-09
168;125;2022-10-09;2022-10-09
169;155;2022-10-09;2022-10-09
170;31;2022-10-09;2022-10-09
171;151;2022-10-09;2022-10-09
172;19;2022-10-09;2022-10-09
173;19;2022-10-09;2022-10-09
174;173;2022-10-09;2022-10-09
175;140;2022-10-09;2022-10-09
176;98;2022-10-09;2022-10-09
177;17;2022-10-09;2022-10-09
178;129;2022-10-09;2022-10-09
179;12;2022-10-09;2022-10-09
180;22;2022-10-09;2022-10-09
181;175;2022-10-09;2022-10-09
182;38;2022-10-09;2022-10-09
183;135;2022-10-09;2022-10-09
184;80;2022-10-09;2022-10-09
185;168;2022-10-09;2022-10-09
186;62;2022-10-09;2022-10-09
187;124;2022-10-09;2022-10-09
188;19;2022-10-09;2022-10-09
189;88;2022-10-09;2022-10-09
190;25;2022-10-09;2022-10-09
191;120;2022-10-09;2022-10-09
192;43;2022-10-09;2022-10-09
193;59;2022-10-09;2022-10-09
194;2;2022-10-09;2022-10-09
195;157;2022-10-09;2022-10-09
196;5;2022-10-09;2022-10-09
197;70;2022-10-09;2022-10-09
198;14;2022-10-09;2022-10-09
199;147;2022-10-09;2022-10-09
200;164;2022-10-09;2022-10-09
201;1;2022-10-09;2022-10-09
202;63;2022-10-09;2022-10-09
203;164;2022-10-09;2022-10-09
204;36;2022-10-09;2022-10-09
205;59;2022-10-09;2022-10-09
206;92;2022-10-09;2022-10-09
207;62;2022-10-09;2022-10-09
208;138;2022-10-09;2022-10-09
209;134;2022-10-09;2022-10-09
210;153;2022-10-09;2022-10-09
211;146;2022-10-09;2022-10-09
212;118;2022-10-09;2022-10-09
213;46;2022-10-09;2022-10-09
214;118;2022-10-09;2022-10-09
215;138;2022-10-09;2022-10-09
216;40;2022-10-09;2022-10-09
217;37;2022-10-09;2022-10-09
218;1;2022-10-09;2022-10-09
219;93;2022-10-09;2022-10-09
220;154;2022-10-09;2022-10-09
221;141;2022-10-09;2022-10-09
222;121;2022-10-09;2022-10-09
223;22;2022-10-09;2022-10-09
224;160;2022-10-09;2022-10-09
225;173;2022-10-09;2022-10-09
226;7;2022-10-09;2022-10-09
227;33;2022-10-09;2022-10-09
228;17;2022-10-09;2022-10-09
229;97;2022-10-09;2022-10-09
230;76;2022-10-09;2022-10-09
231;174;2022-10-09;2022-10-09
232;40;2022-10-09;2022-10-09
233;156;2022-10-09;2022-10-09
234;139;2022-10-09;2022-10-09
235;105;2022-10-09;2022-10-09
236;167;2022-10-09;2022-10-09
237;171;2022-10-09;2022-10-09
238;168;2022-10-09;2022-10-09
239;99;2022-10-09;2022-10-09
240;92;2022-10-09;2022-10-09
241;135;2022-10-09;2022-10-09
242;158;2022-10-09;2022-10-09
243;148;2022-10-09;2022-10-09
244;137;2022-10-09;2022-10-09
245;43;2022-10-09;2022-10-09
246;62;2022-10-09;2022-10-09
247;85;2022-10-09;2022-10-09
248;61;2022-10-09;2022-10-09
249;30;2022-10-09;2022-10-09
250;3;2022-10-09;2022-10-09
251;130;2022-10-09;2022-10-09
252;101;2022-10-09;2022-10-09
253;38;2022-10-09;2022-10-09
254;116;2022-10-09;2022-10-09
255;62;2022-10-09;2022-10-09
256;4;2022-10-09;2022-10-09
257;82;2022-10-09;2022-10-09
258;70;2022-10-09;2022-10-09
259;172;2022-10-09;2022-10-09
260;100;2022-10-09;2022-10-09
261;149;2022-10-09;2022-10-09
262;53;2022-10-09;2022-10-09
263;78;2022-10-09;2022-10-09
264;141;2022-10-09;2022-10-09
265;98;2022-10-09;2022-10-09
266;89;2022-10-09;2022-10-09
267;33;2022-10-09;2022-10-09
268;176;2022-10-09;2022-10-09
269;79;2022-10-09;2022-10-09
270;144;2022-10-09;2022-10-09
271;66;2022-10-09;2022-10-09
272;121;2022-10-09;2022-10-09
273;172;2022-10-09;2022-10-09
274;169;2022-10-09;2022-10-09
275;170;2022-10-09;2022-10-09
276;64;2022-10-09;2022-10-09
277;70;2022-10-09;2022-10-09
278;72;2022-10-09;2022-10-09
279;32;2022-10-09;2022-10-09
280;162;2022-10-09;2022-10-09
281;140;2022-10-09;2022-10-09
282;165;2022-10-09;2022-10-09
283;142;2022-10-09;2022-10-09
284;96;2022-10-09;2022-10-09
285;143;2022-10-09;2022-10-09
286;166;2022-10-09;2022-10-09
287;179;2022-10-09;2022-10-09
288;169;2022-10-09;2022-10-09
289;18;2022-10-09;2022-10-09
290;87;2022-10-09;2022-10-09
291;39;2022-10-09;2022-10-09
292;97;2022-10-09;2022-10-09
293;30;2022-10-09;2022-10-09
294;169;2022-10-09;2022-10-09
295;159;2022-10-09;2022-10-09
296;74;2022-10-09;2022-10-09
297;130;2022-10-09;2022-10-09
298;98;2022-10-09;2022-10-09
299;71;2022-10-09;2022-10-09
300;24;2022-10-09;2022-10-09
301;51;2022-10-09;2022-10-09
302;60;2022-10-09;2022-10-09
303;99;2022-10-09;2022-10-09
304;39;2022-10-09;2022-10-09
305;160;2022-10-09;2022-10-09
306;75;2022-10-09;2022-10-09
307;160;2022-10-09;2022-10-09
308;176;2022-10-09;2022-10-09
309;67;2022-10-09;2022-10-09
310;59;2022-10-09;2022-10-09
311;68;2022-10-09;2022-10-09
312;87;2022-10-09;2022-10-09
313;132;2022-10-09;2022-10-09
314;133;2022-10-09;2022-10-09
315;125;2022-10-09;2022-10-09
316;71;2022-10-09;2022-10-09
317;167;2022-10-09;2022-10-09
318;68;2022-10-09;2022-10-09
319;149;2022-10-09;2022-10-09
320;97;2022-10-09;2022-10-09
321;21;2022-10-09;2022-10-09
322;60;2022-10-09;2022-10-09
323;154;2022-10-09;2022-10-09
324;28;2022-10-09;2022-10-09
325;108;2022-10-09;2022-10-09
326;80;2022-10-09;2022-10-09
327;119;2022-10-09;2022-10-09
328;157;2022-10-09;2022-10-09
329;99;2022-10-09;2022-10-09
330;20;2022-10-09;2022-10-09
331;4;2022-10-09;2022-10-09
332;28;2022-10-09;2022-10-09
333;57;2022-10-09;2022-10-09
334;2;2022-10-09;2022-10-09
335;102;2022-10-09;2022-10-09
336;155;2022-10-09;2022-10-09
337;168;2022-10-09;2022-10-09
338;147;2022-10-09;2022-10-09
339;134;2022-10-09;2022-10-09
340;26;2022-10-09;2022-10-09
341;8;2022-10-09;2022-10-09
342;113;2022-10-09;2022-10-09
343;143;2022-10-09;2022-10-09
344;117;2022-10-09;2022-10-09
345;103;2022-10-09;2022-10-09
346;15;2022-10-09;2022-10-09
347;17;2022-10-09;2022-10-09
348;149;2022-10-09;2022-10-09
349;140;2022-10-09;2022-10-09
350;98;2022-10-09;2022-10-09
351;123;2022-10-09;2022-10-09
352;78;2022-10-09;2022-10-09
353;49;2022-10-09;2022-10-09
354;105;2022-10-09;2022-10-09
355;83;2022-10-09;2022-10-09
356;62;2022-10-09;2022-10-09
357;42;2022-10-09;2022-10-09
358;39;2022-10-09;2022-10-09
359;97;2022-10-09;2022-10-09
360;160;2022-10-09;2022-10-09
361;58;2022-10-09;2022-10-09
362;167;2022-10-09;2022-10-09
363;149;2022-10-09;2022-10-09
364;161;2022-10-09;2022-10-09
365;86;2022-10-09;2022-10-09
366;37;2022-10-09;2022-10-09
367;52;2022-10-09;2022-10-09
368;4;2022-10-09;2022-10-09
369;13;2022-10-09;2022-10-09
370;123;2022-10-09;2022-10-09
371;69;2022-10-09;2022-10-09
372;46;2022-10-09;2022-10-09
373;90;2022-10-09;2022-10-09
374;35;2022-10-09;2022-10-09
375;71;2022-10-09;2022-10-09
376;42;2022-10-09;2022-10-09
377;104;2022-10-09;2022-10-09
378;45;2022-10-09;2022-10-09
379;133;2022-10-09;2022-10-09
380;17;2022-10-09;2022-10-09
381;31;2022-10-09;2022-10-09
382;96;2022-10-09;2022-10-09
383;138;2022-10-09;2022-10-09
384;179;2022-10-09;2022-10-09
385;30;2022-10-09;2022-10-09
386;60;2022-10-09;2022-10-09
387;54;2022-10-09;2022-10-09
388;50;2022-10-09;2022-10-09
389;14;2022-10-09;2022-10-09
390;71;2022-10-09;2022-10-09
391;47;2022-10-09;2022-10-09
392;170;2022-10-09;2022-10-09
393;150;2022-10-09;2022-10-09
394;123;2022-10-09;2022-10-09
395;147;2022-10-09;2022-10-09
396;136;2022-10-09;2022-10-09
397;106;2022-10-09;2022-10-09
398;105;2022-10-09;2022-10-09
399;48;2022-10-09;2022-10-09
400;57;2022-10-09;2022-10-09
401;100;2022-10-09;2022-10-09
402;113;2022-10-09;2022-10-09
403;110;2022-10-09;2022-10-09
404;75;2022-10-09;2022-10-09
405;53;2022-10-09;2022-10-09
406;5;2022-10-09;2022-10-09
407;105;2022-10-09;2022-10-09
408;120;2022-10-09;2022-10-09
409;162;2022-10-09;2022-10-09
410;24;2022-10-09;2022-10-09
411;26;2022-10-09;2022-10-09
412;40;2022-10-09;2022-10-09
413;165;2022-10-09;2022-10-09
414;74;2022-10-09;2022-10-09
415;104;2022-10-09;2022-10-09
416;53;2022-10-09;2022-10-09
417;85;2022-10-09;2022-10-09
418;148;2022-10-09;2022-10-09
419;45;2022-10-09;2022-10-09
420;65;2022-10-09;2022-10-09
421;100;2022-10-09;2022-10-09
422;36;2022-10-09;2022-10-09
423;75;2022-10-09;2022-10-09
424;151;2022-10-09;2022-10-09
425;9;2022-10-09;2022-10-09
426;31;2022-10-09;2022-10-09
427;165;2022-10-09;2022-10-09
428;146;2022-10-09;2022-10-09
429;76;2022-10-09;2022-10-09
430;77;2022-10-09;2022-10-09
431;114;2022-10-09;2022-10-09
432;66;2022-10-09;2022-10-09
433;50;2022-10-09;2022-10-09
434;148;2022-10-09;2022-10-09
435;34;2022-10-09;2022-10-09
436;160;2022-10-09;2022-10-09
437;48;2022-10-09;2022-10-09
438;32;2022-10-09;2022-10-09
439;73;2022-10-09;2022-10-09
440;78;2022-10-09;2022-10-09
441;145;2022-10-09;2022-10-09
442;107;2022-10-09;2022-10-09
443;106;2022-10-09;2022-10-09
444;97;2022-10-09;2022-10-09
445;92;2022-10-09;2022-10-09
446;178;2022-10-09;2022-10-09
447;128;2022-10-09;2022-10-09
448;58;2022-10-09;2022-10-09
449;154;2022-10-09;2022-10-09
450;97;2022-10-09;2022-10-09
451;159;2022-10-09;2022-10-09
452;144;2022-10-09;2022-10-09
453;84;2022-10-09;2022-10-09
454;149;2022-10-09;2022-10-09
455;60;2022-10-09;2022-10-09
456;35;2022-10-09;2022-10-09
457;145;2022-10-09;2022-10-09
458;77;2022-10-09;2022-10-09
459;16;2022-10-09;2022-10-09
460;91;2022-10-09;2022-10-09
461;97;2022-10-09;2022-10-09
462;101;2022-10-09;2022-10-09
463;35;2022-10-09;2022-10-09
464;29;2022-10-09;2022-10-09
465;176;2022-10-09;2022-10-09
466;47;2022-10-09;2022-10-09
467;10;2022-10-09;2022-10-09
468;96;2022-10-09;2022-10-09
469;51;2022-10-09;2022-10-09
470;54;2022-10-09;2022-10-09
471;121;2022-10-09;2022-10-09
472;69;2022-10-09;2022-10-09
473;110;2022-10-09;2022-10-09
474;5;2022-10-09;2022-10-09
475;110;2022-10-09;2022-10-09
476;35;2022-10-09;2022-10-09
477;84;2022-10-09;2022-10-09
478;77;2022-10-09;2022-10-09
479;49;2022-10-09;2022-10-09
480;134;2022-10-09;2022-10-09
481;77;2022-10-09;2022-10-09
482;165;2022-10-09;2022-10-09
483;40;2022-10-09;2022-10-09
484;92;2022-10-09;2022-10-09
485;168;2022-10-09;2022-10-09
486;127;2022-10-09;2022-10-09
487;98;2022-10-09;2022-10-09
488;101;2022-10-09;2022-10-09
489;55;2022-10-09;2022-10-09
490;27;2022-10-09;2022-10-09
491;65;2022-10-09;2022-10-09
492;55;2022-10-09;2022-10-09
493;118;2022-10-09;2022-10-09
494;134;2022-10-09;2022-10-09
495;19;2022-10-09;2022-10-09
496;12;2022-10-09;2022-10-09
497;17;2022-10-09;2022-10-09
498;126;2022-10-09;2022-10-09
499;42;2022-10-09;2022-10-09
500;93;2022-10-09;2022-10-09
501;88;2022-10-09;2022-10-09
502;69;2022-10-09;2022-10-09
503;8;2022-10-09;2022-10-09
504;30;2022-10-09;2022-10-09
505;85;2022-10-09;2022-10-09
506;59;2022-10-09;2022-10-09
507;164;2022-10-09;2022-10-09
508;145;2022-10-09;2022-10-09
509;82;2022-10-09;2022-10-09
510;71;2022-10-09;2022-10-09
511;53;2022-10-09;2022-10-09
512;128;2022-10-09;2022-10-09
513;101;2022-10-09;2022-10-09
514;133;2022-10-09;2022-10-09
515;163;2022-10-09;2022-10-09
516;58;2022-10-09;2022-10-09
517;122;2022-10-09;2022-10-09
518;103;2022-10-09;2022-10-09
519;136;2022-10-09;2022-10-09
520;40;2022-10-09;2022-10-09
521;13;2022-10-09;2022-10-09
522;73;2022-10-09;2022-10-09
523;45;2022-10-09;2022-10-09
524;130;2022-10-09;2022-10-09
525;23;2022-10-09;2022-10-09
526;151;2022-10-09;2022-10-09
527;104;2022-10-09;2022-10-09
528;45;2022-10-09;2022-10-09
529;85;2022-10-09;2022-10-09
530;179;2022-10-09;2022-10-09
531;130;2022-10-09;2022-10-09
532;167;2022-10-09;2022-10-09
533;63;2022-10-09;2022-10-09
534;74;2022-10-09;2022-10-09
535;54;2022-10-09;2022-10-09
536;50;2022-10-09;2022-10-09
537;31;2022-10-09;2022-10-09
538;108;2022-10-09;2022-10-09
539;26;2022-10-09;2022-10-09
540;147;2022-10-09;2022-10-09
541;137;2022-10-09;2022-10-09
542;163;2022-10-09;2022-10-09
543;45;2022-10-09;2022-10-09
544;96;2022-10-09;2022-10-09
545;117;2022-10-09;2022-10-09
546;139;2022-10-09;2022-10-09
547;120;2022-10-09;2022-10-09
548;150;2022-10-09;2022-10-09
549;1;2022-10-09;2022-10-09
550;45;2022-10-09;2022-10-09
551;123;2022-10-09;2022-10-09
552;12;2022-10-09;2022-10-09
553;139;2022-10-09;2022-10-09
554;107;2022-10-09;2022-10-09
555;163;2022-10-09;2022-10-09
556;133;2022-10-09;2022-10-09
557;146;2022-10-09;2022-10-09
558;144;2022-10-09;2022-10-09
559;66;2022-10-09;2022-10-09
560;153;2022-10-09;2022-10-09
561;63;2022-10-09;2022-10-09
562;48;2022-10-09;2022-10-09
563;78;2022-10-09;2022-10-09
564;36;2022-10-09;2022-10-09
565;39;2022-10-09;2022-10-09
566;11;2022-10-09;2022-10-09
567;7;2022-10-09;2022-10-09
568;39;2022-10-09;2022-10-09
569;2;2022-10-09;2022-10-09
570;55;2022-10-09;2022-10-09
571;37;2022-10-09;2022-10-09
572;120;2022-10-09;2022-10-09
573;99;2022-10-09;2022-10-09
574;70;2022-10-09;2022-10-09
575;118;2022-10-09;2022-10-09
576;32;2022-10-09;2022-10-09
577;24;2022-10-09;2022-10-09
578;170;2022-10-09;2022-10-09
579;15;2022-10-09;2022-10-09
580;79;2022-10-09;2022-10-09
581;50;2022-10-09;2022-10-09
582;92;2022-10-09;2022-10-09
583;130;2022-10-09;2022-10-09
584;12;2022-10-09;2022-10-09
585;95;2022-10-09;2022-10-09
586;153;2022-10-09;2022-10-09
587;22;2022-10-09;2022-10-09
588;68;2022-10-09;2022-10-09
589;155;2022-10-09;2022-10-09
590;62;2022-10-09;2022-10-09
591;3;2022-10-09;2022-10-09
592;17;2022-10-09;2022-10-09
593;67;2022-10-09;2022-10-09
594;117;2022-10-09;2022-10-09
595;178;2022-10-09;2022-10-09
596;115;2022-10-09;2022-10-09
597;73;2022-10-09;2022-10-09
598;39;2022-10-09;2022-10-09
599;30;2022-10-09;2022-10-09
600;124;2022-10-09;2022-10-09
601;71;2022-10-09;2022-10-09
602;9;2022-10-09;2022-10-09
603;109;2022-10-09;2022-10-09
604;34;2022-10-09;2022-10-09
605;157;2022-10-09;2022-10-09
606;86;2022-10-09;2022-10-09
607;92;2022-10-09;2022-10-09
608;140;2022-10-09;2022-10-09
609;71;2022-10-09;2022-10-09
610;154;2022-10-09;2022-10-09
611;98;2022-10-09;2022-10-09
612;4;2022-10-09;2022-10-09
613;108;2022-10-09;2022-10-09
614;78;2022-10-09;2022-10-09
615;11;2022-10-09;2022-10-09
616;105;2022-10-09;2022-10-09
617;133;2022-10-09;2022-10-09
618;154;2022-10-09;2022-10-09
619;169;2022-10-09;2022-10-09
620;130;2022-10-09;2022-10-09
621;73;2022-10-09;2022-10-09
622;150;2022-10-09;2022-10-09
623;46;2022-10-09;2022-10-09
624;18;2022-10-09;2022-10-09
625;137;2022-10-09;2022-10-09
626;71;2022-10-09;2022-10-09
627;79;2022-10-09;2022-10-09
628;29;2022-10-09;2022-10-09
629;9;2022-10-09;2022-10-09
630;81;2022-10-09;2022-10-09
631;20;2022-10-09;2022-10-09
632;91;2022-10-09;2022-10-09
633;158;2022-10-09;2022-10-09
634;168;2022-10-09;2022-10-09
635;50;2022-10-09;2022-10-09
636;104;2022-10-09;2022-10-09
637;140;2022-10-09;2022-10-09
638;177;2022-10-09;2022-10-09
639;128;2022-10-09;2022-10-09
640;28;2022-10-09;2022-10-09
641;66;2022-10-09;2022-10-09
642;164;2022-10-09;2022-10-09
643;159;2022-10-09;2022-10-09
644;35;2022-10-09;2022-10-09
645;114;2022-10-09;2022-10-09
646;119;2022-10-09;2022-10-09
647;75;2022-10-09;2022-10-09
648;157;2022-10-09;2022-10-09
649;38;2022-10-09;2022-10-09
650;10;2022-10-09;2022-10-09
651;141;2022-10-09;2022-10-09
652;124;2022-10-09;2022-10-09
653;169;2022-10-09;2022-10-09
654;142;2022-10-09;2022-10-09
655;58;2022-10-09;2022-10-09
656;112;2022-10-09;2022-10-09
657;128;2022-10-09;2022-10-09
658;75;2022-10-09;2022-10-09
659;6;2022-10-09;2022-10-09
660;122;2022-10-09;2022-10-09
661;162;2022-10-09;2022-10-09
662;9;2022-10-09;2022-10-09
663;50;2022-10-09;2022-10-09
664;170;2022-10-09;2022-10-09
665;126;2022-10-09;2022-10-09
666;69;2022-10-09;2022-10-09
667;130;2022-10-09;2022-10-09
668;57;2022-10-09;2022-10-09
669;174;2022-10-09;2022-10-09
670;60;2022-10-09;2022-10-09
671;82;2022-10-09;2022-10-09
672;98;2022-10-09;2022-10-09
673;98;2022-10-09;2022-10-09
674;126;2022-10-09;2022-10-09
675;53;2022-10-09;2022-10-09
676;61;2022-10-09;2022-10-09
677;82;2022-10-09;2022-10-09
678;76;2022-10-09;2022-10-09
679;107;2022-10-09;2022-10-09
680;48;2022-10-09;2022-10-09
681;161;2022-10-09;2022-10-09
682;4;2022-10-09;2022-10-09
683;10;2022-10-09;2022-10-09
684;162;2022-10-09;2022-10-09
685;173;2022-10-09;2022-10-09
686;85;2022-10-09;2022-10-09
687;163;2022-10-09;2022-10-09
688;165;2022-10-09;2022-10-09
689;50;2022-10-09;2022-10-09
690;133;2022-10-09;2022-10-09
691;62;2022-10-09;2022-10-09
692;85;2022-10-09;2022-10-09
693;100;2022-10-09;2022-10-09
694;60;2022-10-09;2022-10-09
695;99;2022-10-09;2022-10-09
696;52;2022-10-09;2022-10-09
697;75;2022-10-09;2022-10-09
698;166;2022-10-09;2022-10-09
699;110;2022-10-09;2022-10-09
700;82;2022-10-09;2022-10-09
701;109;2022-10-09;2022-10-09
702;160;2022-10-09;2022-10-09
703;27;2022-10-09;2022-10-09
704;75;2022-10-09;2022-10-09
705;138;2022-10-09;2022-10-09
706;148;2022-10-09;2022-10-09
707;4;2022-10-09;2022-10-09
708;109;2022-10-09;2022-10-09
709;148;2022-10-09;2022-10-09
710;39;2022-10-09;2022-10-09
711;151;2022-10-09;2022-10-09
712;156;2022-10-09;2022-10-09
713;118;2022-10-09;2022-10-09
714;42;2022-10-09;2022-10-09
715;179;2022-10-09;2022-10-09
716;137;2022-10-09;2022-10-09
717;23;2022-10-09;2022-10-09
718;103;2022-10-09;2022-10-09
719;75;2022-10-09;2022-10-09
720;117;2022-10-09;2022-10-09
721;156;2022-10-09;2022-10-09
722;144;2022-10-09;2022-10-09
723;41;2022-10-09;2022-10-09
724;119;2022-10-09;2022-10-09
725;149;2022-10-09;2022-10-09
726;152;2022-10-09;2022-10-09
727;170;2022-10-09;2022-10-09
728;36;2022-10-09;2022-10-09
729;27;2022-10-09;2022-10-09
730;137;2022-10-09;2022-10-09
731;5;2022-10-09;2022-10-09
732;68;2022-10-09;2022-10-09
733;47;2022-10-09;2022-10-09
734;71;2022-10-09;2022-10-09
735;55;2022-10-09;2022-10-09
736;123;2022-10-09;2022-10-09
737;10;2022-10-09;2022-10-09
738;74;2022-10-09;2022-10-09
739;73;2022-10-09;2022-10-09
740;101;2022-10-09;2022-10-09
741;161;2022-10-09;2022-10-09
742;173;2022-10-09;2022-10-09
743;13;2022-10-09;2022-10-09
744;98;2022-10-09;2022-10-09
745;65;2022-10-09;2022-10-09
746;91;2022-10-09;2022-10-09
747;53;2022-10-09;2022-10-09
748;177;2022-10-09;2022-10-09
749;114;2022-10-09;2022-10-09
750;141;2022-10-09;2022-10-09
751;20;2022-10-09;2022-10-09
752;140;2022-10-09;2022-10-09
753;139;2022-10-09;2022-10-09
754;37;2022-10-09;2022-10-09
755;124;2022-10-09;2022-10-09
756;139;2022-10-09;2022-10-09
757;72;2022-10-09;2022-10-09
758;15;2022-10-09;2022-10-09
759;125;2022-10-09;2022-10-09
760;54;2022-10-09;2022-10-09
761;9;2022-10-09;2022-10-09
762;50;2022-10-09;2022-10-09
763;33;2022-10-09;2022-10-09
764;50;2022-10-09;2022-10-09
765;75;2022-10-09;2022-10-09
766;169;2022-10-09;2022-10-09
767;103;2022-10-09;2022-10-09
768;25;2022-10-09;2022-10-09
769;140;2022-10-09;2022-10-09
770;53;2022-10-09;2022-10-09
771;21;2022-10-09;2022-10-09
772;133;2022-10-09;2022-10-09
773;130;2022-10-09;2022-10-09
774;28;2022-10-09;2022-10-09
775;99;2022-10-09;2022-10-09
776;179;2022-10-09;2022-10-09
777;84;2022-10-09;2022-10-09
778;127;2022-10-09;2022-10-09
779;13;2022-10-09;2022-10-09
780;2;2022-10-09;2022-10-09
781;162;2022-10-09;2022-10-09
782;48;2022-10-09;2022-10-09
783;153;2022-10-09;2022-10-09
784;103;2022-10-09;2022-10-09
785;176;2022-10-09;2022-10-09
786;139;2022-10-09;2022-10-09
787;75;2022-10-09;2022-10-09
788;37;2022-10-09;2022-10-09
789;158;2022-10-09;2022-10-09
790;133;2022-10-09;2022-10-09
791;150;2022-10-09;2022-10-09
792;143;2022-10-09;2022-10-09
793;2;2022-10-09;2022-10-09
794;141;2022-10-09;2022-10-09
795;177;2022-10-09;2022-10-09
796;49;2022-10-09;2022-10-09
797;15;2022-10-09;2022-10-09
798;84;2022-10-09;2022-10-09
799;34;2022-10-09;2022-10-09
800;7;2022-10-09;2022-10-09
801;141;2022-10-09;2022-10-09
802;133;2022-10-09;2022-10-09
803;5;2022-10-09;2022-10-09
804;21;2022-10-09;2022-10-09
805;41;2022-10-09;2022-10-09
806;149;2022-10-09;2022-10-09
807;134;2022-10-09;2022-10-09
808;92;2022-10-09;2022-10-09
809;88;2022-10-09;2022-10-09
810;15;2022-10-09;2022-10-09
811;168;2022-10-09;2022-10-09
812;42;2022-10-09;2022-10-09
813;109;2022-10-09;2022-10-09
814;45;2022-10-09;2022-10-09
815;47;2022-10-09;2022-10-09
816;179;2022-10-09;2022-10-09
817;50;2022-10-09;2022-10-09
818;66;2022-10-09;2022-10-09
819;13;2022-10-09;2022-10-09
820;14;2022-10-09;2022-10-09
821;157;2022-10-09;2022-10-09
822;24;2022-10-09;2022-10-09
823;64;2022-10-09;2022-10-09
824;95;2022-10-09;2022-10-09
825;56;2022-10-09;2022-10-09
826;141;2022-10-09;2022-10-09
827;147;2022-10-09;2022-10-09
828;107;2022-10-09;2022-10-09
829;61;2022-10-09;2022-10-09
830;159;2022-10-09;2022-10-09
831;88;2022-10-09;2022-10-09
832;144;2022-10-09;2022-10-09
833;160;2022-10-09;2022-10-09
834;102;2022-10-09;2022-10-09
835;71;2022-10-09;2022-10-09
836;85;2022-10-09;2022-10-09
837;31;2022-10-09;2022-10-09
838;64;2022-10-09;2022-10-09
839;143;2022-10-09;2022-10-09
840;45;2022-10-09;2022-10-09
841;48;2022-10-09;2022-10-09
842;101;2022-10-09;2022-10-09
843;73;2022-10-09;2022-10-09
844;104;2022-10-09;2022-10-09
845;150;2022-10-09;2022-10-09
846;44;2022-10-09;2022-10-09
847;127;2022-10-09;2022-10-09
848;164;2022-10-09;2022-10-09
849;84;2022-10-09;2022-10-09
850;93;2022-10-09;2022-10-09
851;100;2022-10-09;2022-10-09
852;13;2022-10-09;2022-10-09
853;114;2022-10-09;2022-10-09
854;124;2022-10-09;2022-10-09
855;57;2022-10-09;2022-10-09
856;19;2022-10-09;2022-10-09
857;79;2022-10-09;2022-10-09
858;133;2022-10-09;2022-10-09
859;36;2022-10-09;2022-10-09
860;28;2022-10-09;2022-10-09
861;172;2022-10-09;2022-10-09
862;137;2022-10-09;2022-10-09
863;35;2022-10-09;2022-10-09
864;131;2022-10-09;2022-10-09
865;38;2022-10-09;2022-10-09
866;95;2022-10-09;2022-10-09
867;125;2022-10-09;2022-10-09
868;144;2022-10-09;2022-10-09
869;138;2022-10-09;2022-10-09
870;74;2022-10-09;2022-10-09
871;102;2022-10-09;2022-10-09
872;119;2022-10-09;2022-10-09
873;65;2022-10-09;2022-10-09
874;51;2022-10-09;2022-10-09
875;98;2022-10-09;2022-10-09
876;108;2022-10-09;2022-10-09
877;167;2022-10-09;2022-10-09
878;112;2022-10-09;2022-10-09
879;19;2022-10-09;2022-10-09
880;31;2022-10-09;2022-10-09
881;86;2022-10-09;2022-10-09
882;141;2022-10-09;2022-10-09
883;77;2022-10-09;2022-10-09
884;47;2022-10-09;2022-10-09
885;15;2022-10-09;2022-10-09
886;113;2022-10-09;2022-10-09
887;168;2022-10-09;2022-10-09
888;92;2022-10-09;2022-10-09
889;63;2022-10-09;2022-10-09
890;14;2022-10-09;2022-10-09
891;56;2022-10-09;2022-10-09
892;117;2022-10-09;2022-10-09
893;41;2022-10-09;2022-10-09
894;19;2022-10-09;2022-10-09
895;104;2022-10-09;2022-10-09
896;102;2022-10-09;2022-10-09
897;30;2022-10-09;2022-10-09
898;12;2022-10-09;2022-10-09
899;45;2022-10-09;2022-10-09
900;121;2022-10-09;2022-10-09
901;60;2022-10-09;2022-10-09
902;7;2022-10-09;2022-10-09
903;149;2022-10-09;2022-10-09
904;115;2022-10-09;2022-10-09
905;111;2022-10-09;2022-10-09
906;151;2022-10-09;2022-10-09
907;23;2022-10-09;2022-10-09
908;69;2022-10-09;2022-10-09
909;54;2022-10-09;2022-10-09
910;177;2022-10-09;2022-10-09
911;9;2022-10-09;2022-10-09
912;71;2022-10-09;2022-10-09
913;2;2022-10-09;2022-10-09
914;75;2022-10-09;2022-10-09
915;83;2022-10-09;2022-10-09
916;96;2022-10-09;2022-10-09
917;122;2022-10-09;2022-10-09
918;139;2022-10-09;2022-10-09
919;58;2022-10-09;2022-10-09
920;71;2022-10-09;2022-10-09
921;23;2022-10-09;2022-10-09
922;135;2022-10-09;2022-10-09
923;31;2022-10-09;2022-10-09
924;100;2022-10-09;2022-10-09
925;142;2022-10-09;2022-10-09
926;46;2022-10-09;2022-10-09
927;58;2022-10-09;2022-10-09
928;37;2022-10-09;2022-10-09
929;61;2022-10-09;2022-10-09
930;147;2022-10-09;2022-10-09
931;51;2022-10-09;2022-10-09
932;8;2022-10-09;2022-10-09
933;150;2022-10-09;2022-10-09
934;124;2022-10-09;2022-10-09
935;79;2022-10-09;2022-10-09
936;82;2022-10-09;2022-10-09
937;148;2022-10-09;2022-10-09
938;151;2022-10-09;2022-10-09
939;69;2022-10-09;2022-10-09
940;59;2022-10-09;2022-10-09
941;97;2022-10-09;2022-10-09
942;19;2022-10-09;2022-10-09
943;145;2022-10-09;2022-10-09
944;88;2022-10-09;2022-10-09
945;150;2022-10-09;2022-10-09
946;139;2022-10-09;2022-10-09
947;72;2022-10-09;2022-10-09
948;92;2022-10-09;2022-10-09
949;176;2022-10-09;2022-10-09
950;119;2022-10-09;2022-10-09
951;75;2022-10-09;2022-10-09
952;36;2022-10-09;2022-10-09
953;177;2022-10-09;2022-10-09
954;84;2022-10-09;2022-10-09
955;105;2022-10-09;2022-10-09
956;65;2022-10-09;2022-10-09
957;100;2022-10-09;2022-10-09
958;97;2022-10-09;2022-10-09
959;49;2022-10-09;2022-10-09
960;128;2022-10-09;2022-10-09
961;38;2022-10-09;2022-10-09
962;68;2022-10-09;2022-10-09
963;73;2022-10-09;2022-10-09
964;83;2022-10-09;2022-10-09
965;12;2022-10-09;2022-10-09
966;140;2022-10-09;2022-10-09
967;119;2022-10-09;2022-10-09
968;43;2022-10-09;2022-10-09
969;130;2022-10-09;2022-10-09
970;34;2022-10-09;2022-10-09
971;115;2022-10-09;2022-10-09
972;111;2022-10-09;2022-10-09
973;136;2022-10-09;2022-10-09
974;35;2022-10-09;2022-10-09
975;43;2022-10-09;2022-10-09
976;155;2022-10-09;2022-10-09
977;105;2022-10-09;2022-10-09
978;78;2022-10-09;2022-10-09
979;105;2022-10-09;2022-10-09
980;155;2022-10-09;2022-10-09
981;37;2022-10-09;2022-10-09
982;116;2022-10-09;2022-10-09
983;29;2022-10-09;2022-10-09
984;122;2022-10-09;2022-10-09
985;48;2022-10-09;2022-10-09
986;157;2022-10-09;2022-10-09
987;122;2022-10-09;2022-10-09
988;175;2022-10-09;2022-10-09
989;112;2022-10-09;2022-10-09
990;70;2022-10-09;2022-10-09
991;32;2022-10-09;2022-10-09
992;66;2022-10-09;2022-10-09
993;19;2022-10-09;2022-10-09
994;20;2022-10-09;2022-10-09
995;63;2022-10-09;2022-10-09
996;93;2022-10-09;2022-10-09
997;96;2022-10-09;2022-10-09
998;18;2022-10-09;2022-10-09
999;115;2022-10-09;2022-10-09
1000;163;2022-10-09;2022-10-09
1001;156;2022-10-09;2022-10-09
1002;1;2022-10-09;2022-10-09
1003;105;2022-10-09;2022-10-09
1004;125;2022-10-09;2022-10-09
1005;168;2022-10-09;2022-10-09
1006;59;2022-10-09;2022-10-09
1007;165;2022-10-09;2022-10-09
1008;164;2022-10-09;2022-10-09
1009;78;2022-10-09;2022-10-09
1010;136;2022-10-09;2022-10-09
1011;133;2022-10-09;2022-10-09
1012;121;2022-10-09;2022-10-09
1013;54;2022-10-09;2022-10-09
1014;63;2022-10-09;2022-10-09
1015;78;2022-10-09;2022-10-09
1016;34;2022-10-09;2022-10-09
1017;173;2022-10-09;2022-10-09
1018;108;2022-10-09;2022-10-09
1019;55;2022-10-09;2022-10-09
1020;10;2022-10-09;2022-10-09
1021;3;2022-10-09;2022-10-09
1022;57;2022-10-09;2022-10-09
1023;48;2022-10-09;2022-10-09
1024;66;2022-10-09;2022-10-09
1025;82;2022-10-09;2022-10-09
1026;115;2022-10-09;2022-10-09
1027;16;2022-10-09;2022-10-09
1028;24;2022-10-09;2022-10-09
1029;76;2022-10-09;2022-10-09
1030;53;2022-10-09;2022-10-09
1031;99;2022-10-09;2022-10-09
1032;25;2022-10-09;2022-10-09
1033;36;2022-10-09;2022-10-09
1034;63;2022-10-09;2022-10-09
1035;30;2022-10-09;2022-10-09
1036;68;2022-10-09;2022-10-09
1037;131;2022-10-09;2022-10-09
1038;86;2022-10-09;2022-10-09
1039;137;2022-10-09;2022-10-09
1040;128;2022-10-09;2022-10-09
1041;50;2022-10-09;2022-10-09
1042;46;2022-10-09;2022-10-09
1043;57;2022-10-09;2022-10-09
1044;9;2022-10-09;2022-10-09
1045;44;2022-10-09;2022-10-09
1046;87;2022-10-09;2022-10-09
1047;68;2022-10-09;2022-10-09
1048;2;2022-10-09;2022-10-09
1049;139;2022-10-09;2022-10-09
