SubjectScheduleID;SubjectDetailID;WeekdayID;StartTime;EndTime;CreatedDate;ModifiedDate
1;1;6;15;17;2022-10-09;2022-10-09
2;2;6;15;18;2022-10-09;2022-10-09
3;3;4;7;9;2022-10-09;2022-10-09
4;3;6;7;9;2022-10-09;2022-10-09
5;4;6;15;17;2022-10-09;2022-10-09
6;4;4;15;17;2022-10-09;2022-10-09
7;5;5;10;11;2022-10-09;2022-10-09
8;6;5;16;18;2022-10-09;2022-10-09
9;6;3;16;18;2022-10-09;2022-10-09
10;57;5;10;13;2022-10-09;2022-10-09
11;58;4;10;13;2022-10-09;2022-10-09
12;59;5;8;11;2022-10-09;2022-10-09
13;60;6;10;13;2022-10-09;2022-10-09
14;61;2;20;21;2022-10-09;2022-10-09
15;62;3;10;12;2022-10-09;2022-10-09
16;63;1;19;22;2022-10-09;2022-10-09
17;64;5;9;11;2022-10-09;2022-10-09
18;64;3;9;11;2022-10-09;2022-10-09
19;65;2;15;17;2022-10-09;2022-10-09
20;65;4;15;17;2022-10-09;2022-10-09
21;66;5;9;11;2022-10-09;2022-10-09
22;66;3;9;11;2022-10-09;2022-10-09
23;67;5;8;11;2022-10-09;2022-10-09
24;68;4;15;17;2022-10-09;2022-10-09
25;68;6;15;17;2022-10-09;2022-10-09
26;69;6;9;11;2022-10-09;2022-10-09
27;70;4;8;10;2022-10-09;2022-10-09
28;71;6;7;10;2022-10-09;2022-10-09
29;72;1;17;20;2022-10-09;2022-10-09
30;73;4;14;16;2022-10-09;2022-10-09
31;73;6;14;16;2022-10-09;2022-10-09
32;74;1;18;20;2022-10-09;2022-10-09
33;74;3;18;20;2022-10-09;2022-10-09
34;75;2;20;22;2022-10-09;2022-10-09
35;75;4;20;22;2022-10-09;2022-10-09
36;76;3;10;13;2022-10-09;2022-10-09
37;77;3;19;21;2022-10-09;2022-10-09
38;78;6;14;16;2022-10-09;2022-10-09
39;78;4;14;16;2022-10-09;2022-10-09
40;79;2;18;20;2022-10-09;2022-10-09
41;80;6;16;18;2022-10-09;2022-10-09
42;81;3;7;8;2022-10-09;2022-10-09
43;82;5;19;21;2022-10-09;2022-10-09
44;83;2;17;19;2022-10-09;2022-10-09
45;83;4;17;19;2022-10-09;2022-10-09
46;84;4;16;18;2022-10-09;2022-10-09
47;85;3;8;10;2022-10-09;2022-10-09
48;86;4;10;11;2022-10-09;2022-10-09
49;87;3;9;10;2022-10-09;2022-10-09
50;88;2;7;10;2022-10-09;2022-10-09
51;89;1;18;21;2022-10-09;2022-10-09
52;90;4;15;17;2022-10-09;2022-10-09
53;90;6;15;17;2022-10-09;2022-10-09
54;91;4;18;20;2022-10-09;2022-10-09
55;92;1;8;10;2022-10-09;2022-10-09
56;93;2;14;15;2022-10-09;2022-10-09
57;94;2;20;23;2022-10-09;2022-10-09
58;95;3;16;18;2022-10-09;2022-10-09
59;96;3;11;13;2022-10-09;2022-10-09
60;96;5;11;13;2022-10-09;2022-10-09
61;97;2;17;19;2022-10-09;2022-10-09
62;98;1;20;23;2022-10-09;2022-10-09
63;99;3;18;19;2022-10-09;2022-10-09
64;100;3;20;22;2022-10-09;2022-10-09
65;100;5;20;22;2022-10-09;2022-10-09
66;101;6;16;18;2022-10-09;2022-10-09
67;102;4;20;22;2022-10-09;2022-10-09
68;103;5;18;20;2022-10-09;2022-10-09
69;103;3;18;20;2022-10-09;2022-10-09
70;104;5;17;18;2022-10-09;2022-10-09
71;105;3;9;10;2022-10-09;2022-10-09
72;106;1;18;21;2022-10-09;2022-10-09
73;107;4;18;20;2022-10-09;2022-10-09
74;107;6;18;20;2022-10-09;2022-10-09
75;108;4;9;11;2022-10-09;2022-10-09
76;109;6;15;18;2022-10-09;2022-10-09
77;110;5;9;10;2022-10-09;2022-10-09
78;111;2;9;12;2022-10-09;2022-10-09
79;112;5;8;10;2022-10-09;2022-10-09
80;113;5;18;20;2022-10-09;2022-10-09
81;114;3;15;18;2022-10-09;2022-10-09
82;115;3;10;11;2022-10-09;2022-10-09
83;116;2;9;12;2022-10-09;2022-10-09
84;117;2;9;10;2022-10-09;2022-10-09
85;118;3;9;12;2022-10-09;2022-10-09
86;119;5;8;11;2022-10-09;2022-10-09
87;120;2;15;18;2022-10-09;2022-10-09
88;121;5;11;13;2022-10-09;2022-10-09
89;121;3;11;13;2022-10-09;2022-10-09
90;122;6;16;18;2022-10-09;2022-10-09
91;122;4;16;18;2022-10-09;2022-10-09
92;123;3;16;18;2022-10-09;2022-10-09
93;123;5;16;18;2022-10-09;2022-10-09
94;124;5;16;17;2022-10-09;2022-10-09
95;125;4;11;14;2022-10-09;2022-10-09
96;126;5;9;12;2022-10-09;2022-10-09
97;127;6;7;8;2022-10-09;2022-10-09
98;128;3;16;18;2022-10-09;2022-10-09
99;129;5;8;9;2022-10-09;2022-10-09
100;130;3;8;9;2022-10-09;2022-10-09
101;131;2;10;12;2022-10-09;2022-10-09
102;132;6;16;17;2022-10-09;2022-10-09
103;133;5;9;12;2022-10-09;2022-10-09
104;134;3;18;20;2022-10-09;2022-10-09
105;135;3;16;19;2022-10-09;2022-10-09
106;136;5;14;16;2022-10-09;2022-10-09
107;137;3;14;16;2022-10-09;2022-10-09
108;138;3;16;18;2022-10-09;2022-10-09
109;138;5;16;18;2022-10-09;2022-10-09
110;139;6;16;17;2022-10-09;2022-10-09
111;140;5;7;10;2022-10-09;2022-10-09
112;141;1;11;13;2022-10-09;2022-10-09
113;142;4;20;23;2022-10-09;2022-10-09
114;143;6;11;13;2022-10-09;2022-10-09
115;144;4;11;13;2022-10-09;2022-10-09
116;145;2;15;18;2022-10-09;2022-10-09
117;146;4;18;20;2022-10-09;2022-10-09
118;147;3;8;10;2022-10-09;2022-10-09
119;147;5;8;10;2022-10-09;2022-10-09
120;148;4;15;18;2022-10-09;2022-10-09
121;149;4;20;21;2022-10-09;2022-10-09
122;150;3;10;11;2022-10-09;2022-10-09
123;151;2;17;19;2022-10-09;2022-10-09
124;151;4;17;19;2022-10-09;2022-10-09
125;152;3;8;10;2022-10-09;2022-10-09
126;152;5;8;10;2022-10-09;2022-10-09
127;153;4;10;12;2022-10-09;2022-10-09
128;153;6;10;12;2022-10-09;2022-10-09
129;154;6;15;17;2022-10-09;2022-10-09
130;154;4;15;17;2022-10-09;2022-10-09
131;155;4;10;12;2022-10-09;2022-10-09
132;155;6;10;12;2022-10-09;2022-10-09
133;156;5;20;23;2022-10-09;2022-10-09
134;157;4;8;10;2022-10-09;2022-10-09
135;157;6;8;10;2022-10-09;2022-10-09
136;158;3;19;21;2022-10-09;2022-10-09
137;158;5;19;21;2022-10-09;2022-10-09
138;159;2;19;20;2022-10-09;2022-10-09
139;160;6;8;10;2022-10-09;2022-10-09
140;161;6;7;9;2022-10-09;2022-10-09
141;162;1;7;9;2022-10-09;2022-10-09
142;162;3;7;9;2022-10-09;2022-10-09
143;163;3;15;18;2022-10-09;2022-10-09
144;164;2;18;21;2022-10-09;2022-10-09
145;165;3;11;12;2022-10-09;2022-10-09
146;166;5;17;18;2022-10-09;2022-10-09
147;167;1;14;16;2022-10-09;2022-10-09
148;167;3;14;16;2022-10-09;2022-10-09
149;168;2;11;12;2022-10-09;2022-10-09
150;169;2;8;9;2022-10-09;2022-10-09
151;170;4;20;23;2022-10-09;2022-10-09
152;171;1;15;18;2022-10-09;2022-10-09
153;172;1;7;10;2022-10-09;2022-10-09
154;173;1;9;11;2022-10-09;2022-10-09
155;174;3;18;19;2022-10-09;2022-10-09
156;175;4;17;20;2022-10-09;2022-10-09
157;176;3;17;18;2022-10-09;2022-10-09
158;177;5;8;11;2022-10-09;2022-10-09
159;178;3;19;20;2022-10-09;2022-10-09
160;179;6;9;11;2022-10-09;2022-10-09
161;179;4;9;11;2022-10-09;2022-10-09
162;180;5;16;18;2022-10-09;2022-10-09
163;181;6;14;17;2022-10-09;2022-10-09
164;182;5;19;20;2022-10-09;2022-10-09
165;183;4;20;23;2022-10-09;2022-10-09
166;184;5;10;12;2022-10-09;2022-10-09
167;185;1;7;10;2022-10-09;2022-10-09
168;186;2;10;12;2022-10-09;2022-10-09
169;187;6;16;18;2022-10-09;2022-10-09
170;188;6;11;12;2022-10-09;2022-10-09
171;189;3;9;12;2022-10-09;2022-10-09
172;190;3;11;14;2022-10-09;2022-10-09
173;191;4;8;10;2022-10-09;2022-10-09
174;191;6;8;10;2022-10-09;2022-10-09
175;192;2;18;20;2022-10-09;2022-10-09
176;193;2;7;9;2022-10-09;2022-10-09
177;193;4;7;9;2022-10-09;2022-10-09
178;194;6;14;16;2022-10-09;2022-10-09
179;195;3;16;18;2022-10-09;2022-10-09
180;196;1;17;19;2022-10-09;2022-10-09
181;196;3;17;19;2022-10-09;2022-10-09
182;197;1;10;12;2022-10-09;2022-10-09
183;198;1;17;20;2022-10-09;2022-10-09
184;199;5;16;18;2022-10-09;2022-10-09
185;199;3;16;18;2022-10-09;2022-10-09
186;200;1;19;21;2022-10-09;2022-10-09
187;200;3;19;21;2022-10-09;2022-10-09
188;201;4;7;9;2022-10-09;2022-10-09
189;201;6;7;9;2022-10-09;2022-10-09
190;202;3;18;20;2022-10-09;2022-10-09
191;202;5;18;20;2022-10-09;2022-10-09
192;203;5;16;18;2022-10-09;2022-10-09
193;203;3;16;18;2022-10-09;2022-10-09
194;204;6;11;13;2022-10-09;2022-10-09
195;204;4;11;13;2022-10-09;2022-10-09
196;205;2;11;14;2022-10-09;2022-10-09
197;206;6;8;10;2022-10-09;2022-10-09
198;206;4;8;10;2022-10-09;2022-10-09
199;207;3;9;10;2022-10-09;2022-10-09
200;208;3;10;12;2022-10-09;2022-10-09
201;209;6;16;17;2022-10-09;2022-10-09
202;210;5;20;22;2022-10-09;2022-10-09
203;211;5;9;11;2022-10-09;2022-10-09
204;211;3;9;11;2022-10-09;2022-10-09
205;212;2;18;20;2022-10-09;2022-10-09
206;213;5;7;8;2022-10-09;2022-10-09
207;214;4;16;18;2022-10-09;2022-10-09
208;214;6;16;18;2022-10-09;2022-10-09
209;215;3;7;9;2022-10-09;2022-10-09
210;216;4;7;9;2022-10-09;2022-10-09
211;217;3;8;9;2022-10-09;2022-10-09
212;218;3;10;12;2022-10-09;2022-10-09
213;219;5;20;21;2022-10-09;2022-10-09
214;220;5;20;21;2022-10-09;2022-10-09
215;221;2;18;20;2022-10-09;2022-10-09
216;221;4;18;20;2022-10-09;2022-10-09
217;222;1;19;21;2022-10-09;2022-10-09
218;222;3;19;21;2022-10-09;2022-10-09
219;223;3;20;23;2022-10-09;2022-10-09
220;224;1;20;22;2022-10-09;2022-10-09
221;224;3;20;22;2022-10-09;2022-10-09
222;225;5;8;10;2022-10-09;2022-10-09
223;225;3;8;10;2022-10-09;2022-10-09
224;226;6;16;18;2022-10-09;2022-10-09
225;227;2;11;12;2022-10-09;2022-10-09
226;228;6;9;10;2022-10-09;2022-10-09
227;229;2;9;12;2022-10-09;2022-10-09
228;230;3;18;21;2022-10-09;2022-10-09
229;231;6;7;10;2022-10-09;2022-10-09
230;232;3;17;18;2022-10-09;2022-10-09
231;233;5;8;11;2022-10-09;2022-10-09
232;234;6;10;11;2022-10-09;2022-10-09
233;235;6;11;13;2022-10-09;2022-10-09
234;236;2;7;9;2022-10-09;2022-10-09
235;237;5;15;17;2022-10-09;2022-10-09
236;237;3;15;17;2022-10-09;2022-10-09
237;238;5;17;19;2022-10-09;2022-10-09
238;238;3;17;19;2022-10-09;2022-10-09
239;239;3;18;20;2022-10-09;2022-10-09
240;239;5;18;20;2022-10-09;2022-10-09
241;240;2;17;18;2022-10-09;2022-10-09
242;241;5;19;21;2022-10-09;2022-10-09
243;241;3;19;21;2022-10-09;2022-10-09
244;242;2;19;21;2022-10-09;2022-10-09
245;242;4;19;21;2022-10-09;2022-10-09
246;243;5;16;19;2022-10-09;2022-10-09
247;244;5;14;17;2022-10-09;2022-10-09
248;245;3;19;21;2022-10-09;2022-10-09
249;246;2;11;13;2022-10-09;2022-10-09
250;246;4;11;13;2022-10-09;2022-10-09
251;247;6;8;9;2022-10-09;2022-10-09
252;248;5;8;10;2022-10-09;2022-10-09
253;248;3;8;10;2022-10-09;2022-10-09
254;249;4;8;10;2022-10-09;2022-10-09
255;250;2;7;8;2022-10-09;2022-10-09
256;251;3;7;8;2022-10-09;2022-10-09
257;252;6;8;11;2022-10-09;2022-10-09
258;253;6;16;19;2022-10-09;2022-10-09
259;254;5;15;16;2022-10-09;2022-10-09
260;255;5;11;13;2022-10-09;2022-10-09
261;255;3;11;13;2022-10-09;2022-10-09
262;256;1;19;20;2022-10-09;2022-10-09
263;257;2;20;21;2022-10-09;2022-10-09
264;258;4;11;12;2022-10-09;2022-10-09
265;259;3;11;13;2022-10-09;2022-10-09
266;260;2;9;11;2022-10-09;2022-10-09
267;260;4;9;11;2022-10-09;2022-10-09
268;261;5;14;17;2022-10-09;2022-10-09
269;262;5;19;21;2022-10-09;2022-10-09
270;263;4;16;18;2022-10-09;2022-10-09
271;264;5;11;14;2022-10-09;2022-10-09
272;265;6;14;16;2022-10-09;2022-10-09
273;266;4;19;21;2022-10-09;2022-10-09
274;266;6;19;21;2022-10-09;2022-10-09
275;267;2;11;12;2022-10-09;2022-10-09
276;268;2;19;20;2022-10-09;2022-10-09
277;269;1;7;9;2022-10-09;2022-10-09
278;270;5;9;11;2022-10-09;2022-10-09
279;270;3;9;11;2022-10-09;2022-10-09
280;271;4;10;12;2022-10-09;2022-10-09
281;271;6;10;12;2022-10-09;2022-10-09
282;272;3;14;17;2022-10-09;2022-10-09
283;273;5;14;17;2022-10-09;2022-10-09
284;274;1;11;13;2022-10-09;2022-10-09
285;274;3;11;13;2022-10-09;2022-10-09
286;275;5;20;22;2022-10-09;2022-10-09
287;275;3;20;22;2022-10-09;2022-10-09
288;276;6;10;11;2022-10-09;2022-10-09
289;277;1;9;11;2022-10-09;2022-10-09
290;277;3;9;11;2022-10-09;2022-10-09
291;278;3;15;16;2022-10-09;2022-10-09
292;279;5;15;16;2022-10-09;2022-10-09
293;280;3;8;10;2022-10-09;2022-10-09
294;281;2;16;19;2022-10-09;2022-10-09
295;282;6;10;11;2022-10-09;2022-10-09
296;283;5;18;19;2022-10-09;2022-10-09
297;284;4;16;17;2022-10-09;2022-10-09
298;285;6;16;17;2022-10-09;2022-10-09
299;286;3;14;16;2022-10-09;2022-10-09
300;287;4;11;13;2022-10-09;2022-10-09
301;288;4;16;18;2022-10-09;2022-10-09
302;289;3;17;19;2022-10-09;2022-10-09
303;289;5;17;19;2022-10-09;2022-10-09
304;290;1;18;21;2022-10-09;2022-10-09
305;291;6;16;18;2022-10-09;2022-10-09
306;292;1;9;11;2022-10-09;2022-10-09
307;293;4;10;11;2022-10-09;2022-10-09
308;294;3;15;17;2022-10-09;2022-10-09
309;295;6;8;9;2022-10-09;2022-10-09
310;296;6;7;8;2022-10-09;2022-10-09
311;297;2;20;21;2022-10-09;2022-10-09
312;298;5;14;15;2022-10-09;2022-10-09
313;299;3;16;18;2022-10-09;2022-10-09
314;299;5;16;18;2022-10-09;2022-10-09
315;300;6;9;11;2022-10-09;2022-10-09
316;301;1;8;9;2022-10-09;2022-10-09
317;302;1;9;11;2022-10-09;2022-10-09
318;302;3;9;11;2022-10-09;2022-10-09
319;303;4;18;20;2022-10-09;2022-10-09
320;304;6;11;13;2022-10-09;2022-10-09
321;305;5;10;11;2022-10-09;2022-10-09
322;306;6;14;15;2022-10-09;2022-10-09
323;307;4;17;18;2022-10-09;2022-10-09
324;308;4;7;10;2022-10-09;2022-10-09
325;309;1;10;13;2022-10-09;2022-10-09
326;310;4;8;9;2022-10-09;2022-10-09
327;311;6;15;18;2022-10-09;2022-10-09
328;312;6;14;17;2022-10-09;2022-10-09
329;313;1;18;19;2022-10-09;2022-10-09
330;314;1;15;16;2022-10-09;2022-10-09
331;315;2;8;11;2022-10-09;2022-10-09
332;316;1;20;21;2022-10-09;2022-10-09
333;317;6;15;18;2022-10-09;2022-10-09
334;318;1;14;15;2022-10-09;2022-10-09
335;319;6;8;9;2022-10-09;2022-10-09
336;320;4;11;12;2022-10-09;2022-10-09
337;321;4;20;22;2022-10-09;2022-10-09
338;321;6;20;22;2022-10-09;2022-10-09
339;322;6;16;19;2022-10-09;2022-10-09
340;323;6;14;16;2022-10-09;2022-10-09
341;324;5;11;13;2022-10-09;2022-10-09
342;324;3;11;13;2022-10-09;2022-10-09
343;325;5;20;21;2022-10-09;2022-10-09
344;326;1;17;19;2022-10-09;2022-10-09
345;326;3;17;19;2022-10-09;2022-10-09
346;327;6;7;9;2022-10-09;2022-10-09
347;327;4;7;9;2022-10-09;2022-10-09
348;328;4;8;10;2022-10-09;2022-10-09
349;328;6;8;10;2022-10-09;2022-10-09
350;329;2;9;12;2022-10-09;2022-10-09
351;330;2;18;19;2022-10-09;2022-10-09
352;331;5;19;21;2022-10-09;2022-10-09
353;332;2;9;10;2022-10-09;2022-10-09
354;333;6;8;10;2022-10-09;2022-10-09
355;334;2;10;12;2022-10-09;2022-10-09
356;334;4;10;12;2022-10-09;2022-10-09
357;335;1;20;22;2022-10-09;2022-10-09
358;335;3;20;22;2022-10-09;2022-10-09
359;336;1;8;10;2022-10-09;2022-10-09
360;336;3;8;10;2022-10-09;2022-10-09
361;337;4;14;17;2022-10-09;2022-10-09
362;338;5;16;18;2022-10-09;2022-10-09
363;339;4;9;10;2022-10-09;2022-10-09
364;340;5;7;9;2022-10-09;2022-10-09
365;340;3;7;9;2022-10-09;2022-10-09
366;341;2;15;17;2022-10-09;2022-10-09
367;341;4;15;17;2022-10-09;2022-10-09
368;342;3;20;22;2022-10-09;2022-10-09
369;342;5;20;22;2022-10-09;2022-10-09
370;343;2;9;11;2022-10-09;2022-10-09
371;343;4;9;11;2022-10-09;2022-10-09
372;344;5;10;12;2022-10-09;2022-10-09
373;344;3;10;12;2022-10-09;2022-10-09
374;345;4;10;12;2022-10-09;2022-10-09
375;345;6;10;12;2022-10-09;2022-10-09
376;346;6;7;9;2022-10-09;2022-10-09
377;346;4;7;9;2022-10-09;2022-10-09
378;347;4;9;11;2022-10-09;2022-10-09
379;348;2;15;17;2022-10-09;2022-10-09
380;348;4;15;17;2022-10-09;2022-10-09
381;349;2;14;16;2022-10-09;2022-10-09
382;349;4;14;16;2022-10-09;2022-10-09
383;350;2;9;10;2022-10-09;2022-10-09
384;351;2;19;21;2022-10-09;2022-10-09
385;352;4;9;10;2022-10-09;2022-10-09
386;353;3;11;12;2022-10-09;2022-10-09
387;354;5;14;16;2022-10-09;2022-10-09
388;355;5;10;12;2022-10-09;2022-10-09
389;355;3;10;12;2022-10-09;2022-10-09
390;356;1;17;20;2022-10-09;2022-10-09
391;357;3;9;12;2022-10-09;2022-10-09
392;358;3;11;12;2022-10-09;2022-10-09
393;359;2;8;10;2022-10-09;2022-10-09
394;360;4;16;18;2022-10-09;2022-10-09
395;360;6;16;18;2022-10-09;2022-10-09
396;361;6;10;13;2022-10-09;2022-10-09
397;362;5;18;21;2022-10-09;2022-10-09
398;363;5;11;14;2022-10-09;2022-10-09
399;364;4;18;20;2022-10-09;2022-10-09
400;364;6;18;20;2022-10-09;2022-10-09
401;365;5;18;20;2022-10-09;2022-10-09
402;366;1;15;16;2022-10-09;2022-10-09
403;367;4;9;11;2022-10-09;2022-10-09
404;367;6;9;11;2022-10-09;2022-10-09
405;368;1;11;13;2022-10-09;2022-10-09
406;369;6;15;17;2022-10-09;2022-10-09
407;370;2;19;22;2022-10-09;2022-10-09
408;371;4;18;19;2022-10-09;2022-10-09
409;372;5;16;18;2022-10-09;2022-10-09
410;372;3;16;18;2022-10-09;2022-10-09
411;373;1;20;23;2022-10-09;2022-10-09
412;374;5;20;23;2022-10-09;2022-10-09
413;375;6;10;12;2022-10-09;2022-10-09
414;375;4;10;12;2022-10-09;2022-10-09
415;376;2;9;10;2022-10-09;2022-10-09
416;377;5;11;14;2022-10-09;2022-10-09
417;378;4;11;12;2022-10-09;2022-10-09
418;379;5;9;11;2022-10-09;2022-10-09
419;380;6;14;15;2022-10-09;2022-10-09
420;381;6;14;16;2022-10-09;2022-10-09
421;382;2;7;8;2022-10-09;2022-10-09
422;383;4;8;11;2022-10-09;2022-10-09
423;384;6;14;16;2022-10-09;2022-10-09
424;385;1;11;14;2022-10-09;2022-10-09
425;386;2;16;18;2022-10-09;2022-10-09
426;387;1;7;9;2022-10-09;2022-10-09
427;387;3;7;9;2022-10-09;2022-10-09
428;388;2;18;21;2022-10-09;2022-10-09
429;389;5;9;12;2022-10-09;2022-10-09
430;390;2;7;10;2022-10-09;2022-10-09
431;391;4;18;20;2022-10-09;2022-10-09
432;392;4;18;21;2022-10-09;2022-10-09
433;393;4;9;10;2022-10-09;2022-10-09
434;394;5;11;13;2022-10-09;2022-10-09
435;394;3;11;13;2022-10-09;2022-10-09
436;395;2;9;11;2022-10-09;2022-10-09
437;395;4;9;11;2022-10-09;2022-10-09
438;396;1;15;18;2022-10-09;2022-10-09
439;397;6;9;10;2022-10-09;2022-10-09
440;398;6;15;17;2022-10-09;2022-10-09
441;399;4;16;19;2022-10-09;2022-10-09
442;400;3;9;10;2022-10-09;2022-10-09
443;401;4;7;9;2022-10-09;2022-10-09
444;401;6;7;9;2022-10-09;2022-10-09
445;402;5;16;19;2022-10-09;2022-10-09
446;403;1;17;19;2022-10-09;2022-10-09
447;403;3;17;19;2022-10-09;2022-10-09
448;404;6;14;16;2022-10-09;2022-10-09
449;404;4;14;16;2022-10-09;2022-10-09
450;405;5;10;12;2022-10-09;2022-10-09
451;405;3;10;12;2022-10-09;2022-10-09
452;406;5;7;8;2022-10-09;2022-10-09
453;407;5;20;23;2022-10-09;2022-10-09
454;408;6;16;18;2022-10-09;2022-10-09
455;409;1;10;12;2022-10-09;2022-10-09
456;410;2;19;22;2022-10-09;2022-10-09
457;411;5;18;20;2022-10-09;2022-10-09
458;411;3;18;20;2022-10-09;2022-10-09
459;412;4;20;22;2022-10-09;2022-10-09
460;412;6;20;22;2022-10-09;2022-10-09
461;413;1;14;16;2022-10-09;2022-10-09
462;413;3;14;16;2022-10-09;2022-10-09
463;414;4;20;22;2022-10-09;2022-10-09
464;415;4;11;14;2022-10-09;2022-10-09
465;416;5;16;18;2022-10-09;2022-10-09
466;416;3;16;18;2022-10-09;2022-10-09
467;417;1;8;10;2022-10-09;2022-10-09
468;417;3;8;10;2022-10-09;2022-10-09
469;418;5;20;21;2022-10-09;2022-10-09
470;419;1;10;13;2022-10-09;2022-10-09
471;420;5;19;20;2022-10-09;2022-10-09
472;421;5;9;11;2022-10-09;2022-10-09
473;421;3;9;11;2022-10-09;2022-10-09
474;422;1;20;22;2022-10-09;2022-10-09
475;422;3;20;22;2022-10-09;2022-10-09
476;423;5;16;18;2022-10-09;2022-10-09
477;424;1;9;12;2022-10-09;2022-10-09
478;425;3;7;9;2022-10-09;2022-10-09
479;426;2;9;12;2022-10-09;2022-10-09
480;427;5;16;18;2022-10-09;2022-10-09
481;428;6;9;10;2022-10-09;2022-10-09
482;429;4;8;9;2022-10-09;2022-10-09
483;430;1;10;13;2022-10-09;2022-10-09
484;431;4;10;12;2022-10-09;2022-10-09
485;432;6;16;18;2022-10-09;2022-10-09
486;432;4;16;18;2022-10-09;2022-10-09
487;433;3;7;10;2022-10-09;2022-10-09
488;434;6;15;17;2022-10-09;2022-10-09
489;435;2;18;19;2022-10-09;2022-10-09
490;436;6;16;19;2022-10-09;2022-10-09
491;437;4;15;18;2022-10-09;2022-10-09
492;438;6;14;16;2022-10-09;2022-10-09
493;439;1;16;19;2022-10-09;2022-10-09
494;440;4;15;16;2022-10-09;2022-10-09
495;441;5;16;19;2022-10-09;2022-10-09
496;442;4;11;14;2022-10-09;2022-10-09
497;443;6;8;9;2022-10-09;2022-10-09
498;444;1;15;16;2022-10-09;2022-10-09
499;445;5;8;10;2022-10-09;2022-10-09
500;445;3;8;10;2022-10-09;2022-10-09
501;446;6;16;17;2022-10-09;2022-10-09
502;447;3;8;10;2022-10-09;2022-10-09
503;448;1;16;17;2022-10-09;2022-10-09
504;449;6;15;18;2022-10-09;2022-10-09
505;450;1;10;13;2022-10-09;2022-10-09
506;451;2;16;17;2022-10-09;2022-10-09
507;452;6;11;13;2022-10-09;2022-10-09
508;453;6;7;8;2022-10-09;2022-10-09
509;454;1;9;10;2022-10-09;2022-10-09
510;455;4;9;10;2022-10-09;2022-10-09
511;456;2;7;8;2022-10-09;2022-10-09
512;457;3;8;10;2022-10-09;2022-10-09
513;457;5;8;10;2022-10-09;2022-10-09
514;458;2;9;12;2022-10-09;2022-10-09
515;459;2;20;22;2022-10-09;2022-10-09
516;460;6;8;9;2022-10-09;2022-10-09
517;461;2;9;12;2022-10-09;2022-10-09
518;462;1;8;10;2022-10-09;2022-10-09
519;462;3;8;10;2022-10-09;2022-10-09
520;463;3;11;13;2022-10-09;2022-10-09
521;464;5;14;17;2022-10-09;2022-10-09
522;465;2;17;19;2022-10-09;2022-10-09
523;466;3;15;16;2022-10-09;2022-10-09
524;467;4;16;18;2022-10-09;2022-10-09
525;468;5;18;19;2022-10-09;2022-10-09
526;469;3;8;10;2022-10-09;2022-10-09
527;470;4;14;16;2022-10-09;2022-10-09
528;470;6;14;16;2022-10-09;2022-10-09
529;471;1;16;19;2022-10-09;2022-10-09
530;472;6;7;8;2022-10-09;2022-10-09
531;473;1;16;18;2022-10-09;2022-10-09
532;473;3;16;18;2022-10-09;2022-10-09
533;474;4;8;10;2022-10-09;2022-10-09
534;474;6;8;10;2022-10-09;2022-10-09
535;475;3;17;19;2022-10-09;2022-10-09
536;476;2;16;17;2022-10-09;2022-10-09
537;477;1;18;19;2022-10-09;2022-10-09
538;478;6;14;17;2022-10-09;2022-10-09
539;479;5;9;11;2022-10-09;2022-10-09
540;479;3;9;11;2022-10-09;2022-10-09
541;480;5;10;13;2022-10-09;2022-10-09
542;481;2;15;17;2022-10-09;2022-10-09
543;482;3;10;12;2022-10-09;2022-10-09
544;482;5;10;12;2022-10-09;2022-10-09
545;483;5;11;13;2022-10-09;2022-10-09
546;484;5;9;11;2022-10-09;2022-10-09
547;485;4;11;13;2022-10-09;2022-10-09
548;486;3;17;20;2022-10-09;2022-10-09
549;487;6;14;16;2022-10-09;2022-10-09
550;488;4;8;10;2022-10-09;2022-10-09
551;489;4;11;12;2022-10-09;2022-10-09
552;490;1;9;11;2022-10-09;2022-10-09
553;491;1;8;11;2022-10-09;2022-10-09
554;492;6;8;11;2022-10-09;2022-10-09
555;493;6;11;13;2022-10-09;2022-10-09
556;493;4;11;13;2022-10-09;2022-10-09
557;494;5;9;12;2022-10-09;2022-10-09
558;495;5;9;11;2022-10-09;2022-10-09
559;496;4;18;20;2022-10-09;2022-10-09
560;497;4;11;14;2022-10-09;2022-10-09
561;498;6;16;18;2022-10-09;2022-10-09
562;499;4;18;20;2022-10-09;2022-10-09
563;500;2;16;18;2022-10-09;2022-10-09
564;500;4;16;18;2022-10-09;2022-10-09
565;501;6;15;16;2022-10-09;2022-10-09
566;502;4;14;17;2022-10-09;2022-10-09
567;503;3;10;11;2022-10-09;2022-10-09
568;504;3;19;20;2022-10-09;2022-10-09
569;505;6;16;18;2022-10-09;2022-10-09
570;506;1;17;18;2022-10-09;2022-10-09
571;507;6;8;10;2022-10-09;2022-10-09
572;507;4;8;10;2022-10-09;2022-10-09
573;508;6;15;16;2022-10-09;2022-10-09
574;509;6;15;16;2022-10-09;2022-10-09
575;510;2;17;19;2022-10-09;2022-10-09
576;511;3;7;9;2022-10-09;2022-10-09
577;511;5;7;9;2022-10-09;2022-10-09
578;512;6;9;11;2022-10-09;2022-10-09
579;512;4;9;11;2022-10-09;2022-10-09
580;513;3;15;18;2022-10-09;2022-10-09
581;514;1;9;11;2022-10-09;2022-10-09
582;515;5;16;18;2022-10-09;2022-10-09
583;516;4;17;19;2022-10-09;2022-10-09
584;517;6;8;10;2022-10-09;2022-10-09
585;518;4;11;12;2022-10-09;2022-10-09
586;519;3;19;21;2022-10-09;2022-10-09
587;520;5;7;9;2022-10-09;2022-10-09
588;521;2;17;18;2022-10-09;2022-10-09
589;522;5;18;20;2022-10-09;2022-10-09
590;522;3;18;20;2022-10-09;2022-10-09
591;523;6;10;12;2022-10-09;2022-10-09
592;523;4;10;12;2022-10-09;2022-10-09
593;524;4;8;11;2022-10-09;2022-10-09
594;525;5;14;17;2022-10-09;2022-10-09
595;526;2;19;21;2022-10-09;2022-10-09
596;527;1;11;14;2022-10-09;2022-10-09
597;528;6;16;18;2022-10-09;2022-10-09
598;528;4;16;18;2022-10-09;2022-10-09
599;529;5;19;22;2022-10-09;2022-10-09
600;530;1;16;17;2022-10-09;2022-10-09
601;531;4;8;10;2022-10-09;2022-10-09
602;531;6;8;10;2022-10-09;2022-10-09
603;532;1;10;11;2022-10-09;2022-10-09
604;533;2;10;11;2022-10-09;2022-10-09
605;534;1;18;21;2022-10-09;2022-10-09
606;535;3;9;11;2022-10-09;2022-10-09
607;535;5;9;11;2022-10-09;2022-10-09
608;536;6;16;18;2022-10-09;2022-10-09
609;536;4;16;18;2022-10-09;2022-10-09
610;537;1;18;21;2022-10-09;2022-10-09
611;538;3;10;12;2022-10-09;2022-10-09
612;539;6;15;17;2022-10-09;2022-10-09
613;539;4;15;17;2022-10-09;2022-10-09
614;540;4;15;18;2022-10-09;2022-10-09
615;541;3;8;10;2022-10-09;2022-10-09
616;542;4;9;10;2022-10-09;2022-10-09
617;543;2;10;12;2022-10-09;2022-10-09
618;544;3;20;23;2022-10-09;2022-10-09
619;545;2;16;17;2022-10-09;2022-10-09
620;546;5;9;11;2022-10-09;2022-10-09
621;546;3;9;11;2022-10-09;2022-10-09
622;547;2;9;10;2022-10-09;2022-10-09
623;548;5;16;18;2022-10-09;2022-10-09
624;549;2;10;11;2022-10-09;2022-10-09
625;550;5;10;12;2022-10-09;2022-10-09
626;551;6;8;9;2022-10-09;2022-10-09
627;552;1;8;10;2022-10-09;2022-10-09
628;553;3;10;13;2022-10-09;2022-10-09
629;554;4;15;17;2022-10-09;2022-10-09
630;555;4;18;20;2022-10-09;2022-10-09
631;555;6;18;20;2022-10-09;2022-10-09
632;556;2;7;10;2022-10-09;2022-10-09
633;557;2;10;11;2022-10-09;2022-10-09
634;558;4;7;9;2022-10-09;2022-10-09
635;559;5;20;22;2022-10-09;2022-10-09
636;559;3;20;22;2022-10-09;2022-10-09
637;560;2;7;8;2022-10-09;2022-10-09
638;561;5;17;19;2022-10-09;2022-10-09
639;561;3;17;19;2022-10-09;2022-10-09
640;562;6;15;18;2022-10-09;2022-10-09
641;563;2;17;18;2022-10-09;2022-10-09
642;564;4;14;16;2022-10-09;2022-10-09
643;564;6;14;16;2022-10-09;2022-10-09
644;565;4;8;9;2022-10-09;2022-10-09
645;566;2;18;19;2022-10-09;2022-10-09
646;567;2;14;17;2022-10-09;2022-10-09
647;568;5;7;10;2022-10-09;2022-10-09
648;569;2;15;17;2022-10-09;2022-10-09
649;569;4;15;17;2022-10-09;2022-10-09
650;570;3;19;21;2022-10-09;2022-10-09
651;570;5;19;21;2022-10-09;2022-10-09
652;571;2;17;18;2022-10-09;2022-10-09
653;572;4;10;11;2022-10-09;2022-10-09
654;573;3;10;12;2022-10-09;2022-10-09
655;574;3;7;9;2022-10-09;2022-10-09
656;575;2;16;18;2022-10-09;2022-10-09
657;576;6;16;18;2022-10-09;2022-10-09
658;576;4;16;18;2022-10-09;2022-10-09
659;577;6;16;18;2022-10-09;2022-10-09
660;578;3;11;13;2022-10-09;2022-10-09
661;579;5;9;11;2022-10-09;2022-10-09
662;579;3;9;11;2022-10-09;2022-10-09
663;580;5;9;11;2022-10-09;2022-10-09
664;580;3;9;11;2022-10-09;2022-10-09
665;581;2;11;12;2022-10-09;2022-10-09
666;582;4;7;10;2022-10-09;2022-10-09
667;583;1;10;12;2022-10-09;2022-10-09
668;584;1;10;12;2022-10-09;2022-10-09
669;584;3;10;12;2022-10-09;2022-10-09
670;585;6;11;12;2022-10-09;2022-10-09
671;586;1;9;12;2022-10-09;2022-10-09
672;587;6;14;15;2022-10-09;2022-10-09
673;588;2;9;11;2022-10-09;2022-10-09
674;589;2;7;10;2022-10-09;2022-10-09
675;590;4;19;22;2022-10-09;2022-10-09
676;591;5;15;18;2022-10-09;2022-10-09
677;592;6;14;16;2022-10-09;2022-10-09
678;592;4;14;16;2022-10-09;2022-10-09
679;593;1;17;20;2022-10-09;2022-10-09
680;594;6;11;13;2022-10-09;2022-10-09
681;595;5;18;19;2022-10-09;2022-10-09
682;596;2;10;11;2022-10-09;2022-10-09
683;597;4;20;22;2022-10-09;2022-10-09
684;598;4;7;9;2022-10-09;2022-10-09
685;598;6;7;9;2022-10-09;2022-10-09
686;599;6;14;16;2022-10-09;2022-10-09
687;599;4;14;16;2022-10-09;2022-10-09
688;600;3;10;11;2022-10-09;2022-10-09
689;601;5;11;14;2022-10-09;2022-10-09
690;602;5;10;13;2022-10-09;2022-10-09
691;603;1;16;19;2022-10-09;2022-10-09
692;604;5;20;22;2022-10-09;2022-10-09
693;604;3;20;22;2022-10-09;2022-10-09
694;605;6;15;17;2022-10-09;2022-10-09
695;606;3;7;9;2022-10-09;2022-10-09
696;606;5;7;9;2022-10-09;2022-10-09
697;607;4;8;9;2022-10-09;2022-10-09
698;608;4;14;15;2022-10-09;2022-10-09
699;609;1;16;19;2022-10-09;2022-10-09
700;610;2;9;12;2022-10-09;2022-10-09
701;611;2;9;11;2022-10-09;2022-10-09
702;612;1;19;21;2022-10-09;2022-10-09
703;613;3;10;12;2022-10-09;2022-10-09
704;613;5;10;12;2022-10-09;2022-10-09
705;614;2;10;12;2022-10-09;2022-10-09
706;614;4;10;12;2022-10-09;2022-10-09
707;615;4;19;22;2022-10-09;2022-10-09
708;616;6;14;17;2022-10-09;2022-10-09
709;617;4;11;13;2022-10-09;2022-10-09
710;617;6;11;13;2022-10-09;2022-10-09
711;618;6;11;13;2022-10-09;2022-10-09
712;618;4;11;13;2022-10-09;2022-10-09
713;619;6;8;9;2022-10-09;2022-10-09
714;620;1;18;19;2022-10-09;2022-10-09
715;621;4;18;20;2022-10-09;2022-10-09
716;622;4;17;19;2022-10-09;2022-10-09
717;622;6;17;19;2022-10-09;2022-10-09
718;623;2;20;23;2022-10-09;2022-10-09
719;624;1;8;10;2022-10-09;2022-10-09
720;624;3;8;10;2022-10-09;2022-10-09
721;625;5;16;18;2022-10-09;2022-10-09
722;625;3;16;18;2022-10-09;2022-10-09
723;626;3;14;15;2022-10-09;2022-10-09
724;627;1;16;18;2022-10-09;2022-10-09
725;628;5;17;19;2022-10-09;2022-10-09
726;629;4;17;19;2022-10-09;2022-10-09
727;629;6;17;19;2022-10-09;2022-10-09
728;630;2;17;20;2022-10-09;2022-10-09
729;631;5;16;18;2022-10-09;2022-10-09
730;632;3;15;17;2022-10-09;2022-10-09
731;633;4;15;17;2022-10-09;2022-10-09
732;633;6;15;17;2022-10-09;2022-10-09
733;634;5;19;20;2022-10-09;2022-10-09
734;635;5;20;21;2022-10-09;2022-10-09
735;636;6;8;11;2022-10-09;2022-10-09
736;637;1;14;16;2022-10-09;2022-10-09
737;637;3;14;16;2022-10-09;2022-10-09
738;638;4;20;22;2022-10-09;2022-10-09
739;638;6;20;22;2022-10-09;2022-10-09
740;639;3;9;11;2022-10-09;2022-10-09
741;640;3;9;11;2022-10-09;2022-10-09
742;641;2;11;13;2022-10-09;2022-10-09
743;642;4;20;23;2022-10-09;2022-10-09
744;643;5;7;9;2022-10-09;2022-10-09
745;644;6;14;15;2022-10-09;2022-10-09
746;645;2;15;16;2022-10-09;2022-10-09
747;646;3;19;21;2022-10-09;2022-10-09
748;647;2;8;10;2022-10-09;2022-10-09
749;647;4;8;10;2022-10-09;2022-10-09
750;648;2;10;12;2022-10-09;2022-10-09
751;649;3;8;9;2022-10-09;2022-10-09
752;650;3;18;20;2022-10-09;2022-10-09
753;651;6;14;16;2022-10-09;2022-10-09
754;651;4;14;16;2022-10-09;2022-10-09
755;652;3;19;21;2022-10-09;2022-10-09
756;652;5;19;21;2022-10-09;2022-10-09
757;653;6;10;13;2022-10-09;2022-10-09
758;654;3;19;21;2022-10-09;2022-10-09
759;655;2;7;10;2022-10-09;2022-10-09
760;656;2;7;9;2022-10-09;2022-10-09
761;657;1;9;12;2022-10-09;2022-10-09
762;658;5;10;12;2022-10-09;2022-10-09
763;658;3;10;12;2022-10-09;2022-10-09
764;659;6;14;15;2022-10-09;2022-10-09
765;660;1;11;13;2022-10-09;2022-10-09
766;660;3;11;13;2022-10-09;2022-10-09
767;661;4;16;18;2022-10-09;2022-10-09
768;661;6;16;18;2022-10-09;2022-10-09
769;662;5;8;10;2022-10-09;2022-10-09
770;663;4;7;9;2022-10-09;2022-10-09
771;663;6;7;9;2022-10-09;2022-10-09
772;664;1;14;17;2022-10-09;2022-10-09
773;665;4;11;13;2022-10-09;2022-10-09
774;666;3;7;9;2022-10-09;2022-10-09
775;666;5;7;9;2022-10-09;2022-10-09
776;667;5;9;11;2022-10-09;2022-10-09
777;668;1;16;17;2022-10-09;2022-10-09
778;669;5;15;16;2022-10-09;2022-10-09
779;670;1;14;16;2022-10-09;2022-10-09
780;671;6;11;14;2022-10-09;2022-10-09
781;672;5;20;21;2022-10-09;2022-10-09
782;673;5;15;16;2022-10-09;2022-10-09
783;674;4;8;10;2022-10-09;2022-10-09
784;674;6;8;10;2022-10-09;2022-10-09
785;675;5;9;11;2022-10-09;2022-10-09
786;676;4;11;12;2022-10-09;2022-10-09
787;677;3;10;12;2022-10-09;2022-10-09
788;677;5;10;12;2022-10-09;2022-10-09
789;678;5;18;19;2022-10-09;2022-10-09
790;679;5;19;22;2022-10-09;2022-10-09
791;680;6;10;11;2022-10-09;2022-10-09
792;681;5;20;21;2022-10-09;2022-10-09
793;682;5;7;9;2022-10-09;2022-10-09
794;683;5;19;21;2022-10-09;2022-10-09
795;684;5;10;11;2022-10-09;2022-10-09
796;685;6;16;18;2022-10-09;2022-10-09
797;685;4;16;18;2022-10-09;2022-10-09
798;686;3;11;13;2022-10-09;2022-10-09
799;686;5;11;13;2022-10-09;2022-10-09
800;687;4;14;16;2022-10-09;2022-10-09
801;688;6;10;12;2022-10-09;2022-10-09
802;688;4;10;12;2022-10-09;2022-10-09
803;689;3;18;21;2022-10-09;2022-10-09
804;690;4;7;10;2022-10-09;2022-10-09
805;691;1;8;9;2022-10-09;2022-10-09
806;692;3;8;9;2022-10-09;2022-10-09
807;693;3;17;19;2022-10-09;2022-10-09
808;694;1;10;13;2022-10-09;2022-10-09
809;695;1;15;17;2022-10-09;2022-10-09
810;695;3;15;17;2022-10-09;2022-10-09
811;696;4;8;10;2022-10-09;2022-10-09
812;697;6;16;18;2022-10-09;2022-10-09
813;697;4;16;18;2022-10-09;2022-10-09
814;698;1;7;8;2022-10-09;2022-10-09
815;699;5;7;9;2022-10-09;2022-10-09
816;699;3;7;9;2022-10-09;2022-10-09
817;700;5;9;11;2022-10-09;2022-10-09
818;701;5;17;19;2022-10-09;2022-10-09
819;701;3;17;19;2022-10-09;2022-10-09
820;702;5;14;16;2022-10-09;2022-10-09
821;703;6;16;18;2022-10-09;2022-10-09
822;703;4;16;18;2022-10-09;2022-10-09
823;704;2;8;11;2022-10-09;2022-10-09
824;705;3;7;9;2022-10-09;2022-10-09
825;705;5;7;9;2022-10-09;2022-10-09
826;706;1;8;11;2022-10-09;2022-10-09
827;707;6;16;18;2022-10-09;2022-10-09
828;708;6;11;13;2022-10-09;2022-10-09
829;708;4;11;13;2022-10-09;2022-10-09
830;709;3;14;16;2022-10-09;2022-10-09
831;710;1;18;20;2022-10-09;2022-10-09
832;711;1;19;22;2022-10-09;2022-10-09
833;712;2;9;11;2022-10-09;2022-10-09
834;713;1;10;11;2022-10-09;2022-10-09
835;714;6;16;18;2022-10-09;2022-10-09
836;714;4;16;18;2022-10-09;2022-10-09
837;715;3;9;11;2022-10-09;2022-10-09
838;716;2;17;18;2022-10-09;2022-10-09
839;717;5;18;19;2022-10-09;2022-10-09
840;718;5;8;10;2022-10-09;2022-10-09
841;719;3;10;11;2022-10-09;2022-10-09
842;720;4;20;22;2022-10-09;2022-10-09
843;720;6;20;22;2022-10-09;2022-10-09
844;721;1;15;17;2022-10-09;2022-10-09
845;722;5;18;20;2022-10-09;2022-10-09
846;723;5;19;22;2022-10-09;2022-10-09
847;724;2;11;13;2022-10-09;2022-10-09
848;725;5;17;19;2022-10-09;2022-10-09
849;725;3;17;19;2022-10-09;2022-10-09
850;726;6;8;10;2022-10-09;2022-10-09
851;727;1;11;14;2022-10-09;2022-10-09
852;728;3;19;21;2022-10-09;2022-10-09
853;729;1;7;9;2022-10-09;2022-10-09
854;729;3;7;9;2022-10-09;2022-10-09
855;730;1;8;9;2022-10-09;2022-10-09
856;731;3;15;16;2022-10-09;2022-10-09
857;732;5;10;11;2022-10-09;2022-10-09
858;733;5;18;20;2022-10-09;2022-10-09
859;734;6;15;17;2022-10-09;2022-10-09
860;734;4;15;17;2022-10-09;2022-10-09
861;735;2;18;19;2022-10-09;2022-10-09
862;736;4;18;20;2022-10-09;2022-10-09
863;736;6;18;20;2022-10-09;2022-10-09
864;737;1;16;19;2022-10-09;2022-10-09
865;738;6;16;19;2022-10-09;2022-10-09
866;739;5;14;16;2022-10-09;2022-10-09
867;739;3;14;16;2022-10-09;2022-10-09
868;740;5;7;8;2022-10-09;2022-10-09
869;741;4;14;16;2022-10-09;2022-10-09
870;742;6;9;10;2022-10-09;2022-10-09
871;743;5;11;13;2022-10-09;2022-10-09
872;744;4;19;21;2022-10-09;2022-10-09
873;744;6;19;21;2022-10-09;2022-10-09
874;745;6;11;14;2022-10-09;2022-10-09
875;746;2;11;14;2022-10-09;2022-10-09
876;747;6;16;19;2022-10-09;2022-10-09
877;748;6;9;11;2022-10-09;2022-10-09
878;749;1;8;9;2022-10-09;2022-10-09
879;750;4;14;15;2022-10-09;2022-10-09
880;751;4;8;10;2022-10-09;2022-10-09
881;751;6;8;10;2022-10-09;2022-10-09
882;752;3;8;10;2022-10-09;2022-10-09
883;753;6;7;9;2022-10-09;2022-10-09
884;754;1;8;10;2022-10-09;2022-10-09
885;754;3;8;10;2022-10-09;2022-10-09
886;755;4;7;10;2022-10-09;2022-10-09
887;756;4;16;18;2022-10-09;2022-10-09
888;757;1;18;19;2022-10-09;2022-10-09
889;758;3;14;16;2022-10-09;2022-10-09
890;759;3;7;9;2022-10-09;2022-10-09
891;760;1;9;11;2022-10-09;2022-10-09
892;760;3;9;11;2022-10-09;2022-10-09
893;761;3;17;19;2022-10-09;2022-10-09
894;762;4;16;18;2022-10-09;2022-10-09
895;762;6;16;18;2022-10-09;2022-10-09
896;763;4;9;10;2022-10-09;2022-10-09
897;764;2;15;16;2022-10-09;2022-10-09
898;765;2;7;9;2022-10-09;2022-10-09
899;766;5;9;11;2022-10-09;2022-10-09
900;767;5;15;18;2022-10-09;2022-10-09
901;768;6;15;18;2022-10-09;2022-10-09
902;769;3;11;12;2022-10-09;2022-10-09
903;770;4;7;10;2022-10-09;2022-10-09
904;771;3;17;20;2022-10-09;2022-10-09
905;772;2;16;17;2022-10-09;2022-10-09
906;773;5;19;20;2022-10-09;2022-10-09
907;774;4;10;11;2022-10-09;2022-10-09
908;775;4;9;10;2022-10-09;2022-10-09
909;776;6;14;16;2022-10-09;2022-10-09
910;776;4;14;16;2022-10-09;2022-10-09
911;777;1;10;12;2022-10-09;2022-10-09
912;778;5;7;10;2022-10-09;2022-10-09
913;779;4;20;21;2022-10-09;2022-10-09
914;780;2;19;20;2022-10-09;2022-10-09
915;781;6;9;12;2022-10-09;2022-10-09
916;782;4;11;13;2022-10-09;2022-10-09
917;783;2;8;10;2022-10-09;2022-10-09
918;783;4;8;10;2022-10-09;2022-10-09
919;784;4;11;12;2022-10-09;2022-10-09
920;785;4;19;21;2022-10-09;2022-10-09
921;786;5;10;12;2022-10-09;2022-10-09
922;786;3;10;12;2022-10-09;2022-10-09
923;787;5;15;16;2022-10-09;2022-10-09
924;788;3;18;20;2022-10-09;2022-10-09
925;788;5;18;20;2022-10-09;2022-10-09
926;789;5;18;20;2022-10-09;2022-10-09
927;790;6;15;17;2022-10-09;2022-10-09
928;790;4;15;17;2022-10-09;2022-10-09
929;791;5;17;20;2022-10-09;2022-10-09
930;792;1;9;12;2022-10-09;2022-10-09
931;793;2;8;10;2022-10-09;2022-10-09
932;794;2;14;15;2022-10-09;2022-10-09
933;795;5;20;22;2022-10-09;2022-10-09
934;795;3;20;22;2022-10-09;2022-10-09
935;796;4;16;17;2022-10-09;2022-10-09
936;797;1;7;9;2022-10-09;2022-10-09
937;798;2;17;19;2022-10-09;2022-10-09
938;799;2;18;20;2022-10-09;2022-10-09
939;799;4;18;20;2022-10-09;2022-10-09
940;800;1;11;13;2022-10-09;2022-10-09
941;800;3;11;13;2022-10-09;2022-10-09
942;801;4;20;21;2022-10-09;2022-10-09
943;802;4;16;17;2022-10-09;2022-10-09
944;803;6;8;9;2022-10-09;2022-10-09
945;804;2;7;8;2022-10-09;2022-10-09
946;805;5;20;22;2022-10-09;2022-10-09
947;806;6;11;14;2022-10-09;2022-10-09
948;807;1;20;22;2022-10-09;2022-10-09
949;807;3;20;22;2022-10-09;2022-10-09
950;808;4;20;21;2022-10-09;2022-10-09
951;809;1;9;11;2022-10-09;2022-10-09
952;810;1;9;11;2022-10-09;2022-10-09
953;810;3;9;11;2022-10-09;2022-10-09
954;811;5;8;10;2022-10-09;2022-10-09
955;812;2;8;11;2022-10-09;2022-10-09
956;813;4;11;13;2022-10-09;2022-10-09
957;814;6;11;12;2022-10-09;2022-10-09
958;815;1;16;18;2022-10-09;2022-10-09
959;815;3;16;18;2022-10-09;2022-10-09
960;816;2;7;8;2022-10-09;2022-10-09
961;817;4;7;8;2022-10-09;2022-10-09
962;818;2;8;11;2022-10-09;2022-10-09
963;819;5;17;19;2022-10-09;2022-10-09
964;819;3;17;19;2022-10-09;2022-10-09
965;820;6;9;11;2022-10-09;2022-10-09
966;820;4;9;11;2022-10-09;2022-10-09
967;821;1;15;17;2022-10-09;2022-10-09
968;822;1;8;10;2022-10-09;2022-10-09
969;822;3;8;10;2022-10-09;2022-10-09
970;823;2;10;12;2022-10-09;2022-10-09
971;823;4;10;12;2022-10-09;2022-10-09
972;824;1;7;8;2022-10-09;2022-10-09
973;825;5;10;13;2022-10-09;2022-10-09
974;826;2;16;17;2022-10-09;2022-10-09
975;827;1;11;14;2022-10-09;2022-10-09
976;828;2;11;12;2022-10-09;2022-10-09
977;829;2;10;12;2022-10-09;2022-10-09
978;830;6;9;12;2022-10-09;2022-10-09
979;831;6;8;10;2022-10-09;2022-10-09
980;831;4;8;10;2022-10-09;2022-10-09
981;832;4;16;18;2022-10-09;2022-10-09
982;832;6;16;18;2022-10-09;2022-10-09
983;833;6;9;11;2022-10-09;2022-10-09
984;834;4;10;12;2022-10-09;2022-10-09
985;834;6;10;12;2022-10-09;2022-10-09
986;835;3;7;8;2022-10-09;2022-10-09
987;836;1;11;13;2022-10-09;2022-10-09
988;836;3;11;13;2022-10-09;2022-10-09
989;837;1;20;23;2022-10-09;2022-10-09
990;838;5;15;16;2022-10-09;2022-10-09
991;839;1;15;17;2022-10-09;2022-10-09
992;839;3;15;17;2022-10-09;2022-10-09
993;840;4;16;19;2022-10-09;2022-10-09
994;841;1;8;10;2022-10-09;2022-10-09
995;841;3;8;10;2022-10-09;2022-10-09
996;842;1;9;10;2022-10-09;2022-10-09
997;843;5;11;14;2022-10-09;2022-10-09
998;844;5;14;15;2022-10-09;2022-10-09
999;845;5;10;12;2022-10-09;2022-10-09
1000;846;4;15;17;2022-10-09;2022-10-09
1001;847;3;16;17;2022-10-09;2022-10-09
1002;848;3;9;11;2022-10-09;2022-10-09
1003;848;5;9;11;2022-10-09;2022-10-09
1004;849;2;11;13;2022-10-09;2022-10-09
1005;850;4;8;10;2022-10-09;2022-10-09
1006;851;4;7;9;2022-10-09;2022-10-09
1007;851;6;7;9;2022-10-09;2022-10-09
1008;852;2;8;10;2022-10-09;2022-10-09
1009;852;4;8;10;2022-10-09;2022-10-09
1010;853;6;16;19;2022-10-09;2022-10-09
1011;854;2;8;10;2022-10-09;2022-10-09
1012;855;4;9;11;2022-10-09;2022-10-09
1013;855;6;9;11;2022-10-09;2022-10-09
1014;856;6;8;10;2022-10-09;2022-10-09
1015;856;4;8;10;2022-10-09;2022-10-09
1016;857;1;7;9;2022-10-09;2022-10-09
1017;858;1;15;16;2022-10-09;2022-10-09
1018;859;6;15;16;2022-10-09;2022-10-09
1019;860;1;15;17;2022-10-09;2022-10-09
1020;861;6;7;9;2022-10-09;2022-10-09
1021;862;4;10;12;2022-10-09;2022-10-09
1022;863;6;14;17;2022-10-09;2022-10-09
1023;864;4;8;11;2022-10-09;2022-10-09
1024;865;4;16;18;2022-10-09;2022-10-09
1025;865;6;16;18;2022-10-09;2022-10-09
1026;866;5;8;10;2022-10-09;2022-10-09
1027;867;1;10;11;2022-10-09;2022-10-09
1028;868;4;14;15;2022-10-09;2022-10-09
1029;869;1;11;12;2022-10-09;2022-10-09
1030;870;6;7;9;2022-10-09;2022-10-09
1031;870;4;7;9;2022-10-09;2022-10-09
1032;871;5;19;20;2022-10-09;2022-10-09
1033;872;2;15;17;2022-10-09;2022-10-09
1034;873;3;11;13;2022-10-09;2022-10-09
1035;874;3;8;10;2022-10-09;2022-10-09
1036;875;2;19;21;2022-10-09;2022-10-09
1037;875;4;19;21;2022-10-09;2022-10-09
1038;876;5;20;22;2022-10-09;2022-10-09
1039;876;3;20;22;2022-10-09;2022-10-09
1040;877;6;14;15;2022-10-09;2022-10-09
1041;878;4;20;23;2022-10-09;2022-10-09
1042;879;4;15;16;2022-10-09;2022-10-09
1043;880;4;20;23;2022-10-09;2022-10-09
1044;881;4;14;16;2022-10-09;2022-10-09
1045;881;6;14;16;2022-10-09;2022-10-09
1046;882;3;18;20;2022-10-09;2022-10-09
1047;882;5;18;20;2022-10-09;2022-10-09
1048;883;4;9;12;2022-10-09;2022-10-09
1049;884;5;17;20;2022-10-09;2022-10-09
1050;885;2;16;18;2022-10-09;2022-10-09
1051;886;2;15;16;2022-10-09;2022-10-09
1052;887;2;8;9;2022-10-09;2022-10-09
1053;888;5;10;12;2022-10-09;2022-10-09
1054;889;4;10;12;2022-10-09;2022-10-09
1055;889;6;10;12;2022-10-09;2022-10-09
1056;890;6;15;18;2022-10-09;2022-10-09
1057;891;6;7;9;2022-10-09;2022-10-09
1058;891;4;7;9;2022-10-09;2022-10-09
1059;892;5;17;19;2022-10-09;2022-10-09
1060;893;6;14;17;2022-10-09;2022-10-09
1061;894;1;17;19;2022-10-09;2022-10-09
1062;894;3;17;19;2022-10-09;2022-10-09
1063;895;2;18;20;2022-10-09;2022-10-09
1064;896;3;10;11;2022-10-09;2022-10-09
1065;897;1;10;11;2022-10-09;2022-10-09
1066;898;1;11;12;2022-10-09;2022-10-09
1067;899;2;16;18;2022-10-09;2022-10-09
1068;899;4;16;18;2022-10-09;2022-10-09
1069;900;4;16;18;2022-10-09;2022-10-09
1070;900;6;16;18;2022-10-09;2022-10-09
1071;901;6;9;11;2022-10-09;2022-10-09
1072;901;4;9;11;2022-10-09;2022-10-09
1073;902;1;9;11;2022-10-09;2022-10-09
1074;903;4;20;23;2022-10-09;2022-10-09
1075;904;2;17;20;2022-10-09;2022-10-09
1076;905;6;14;15;2022-10-09;2022-10-09
1077;906;2;18;19;2022-10-09;2022-10-09
1078;907;5;19;21;2022-10-09;2022-10-09
1079;908;2;8;11;2022-10-09;2022-10-09
1080;909;1;9;11;2022-10-09;2022-10-09
1081;910;3;10;11;2022-10-09;2022-10-09
1082;911;6;10;12;2022-10-09;2022-10-09
1083;911;4;10;12;2022-10-09;2022-10-09
1084;912;2;15;17;2022-10-09;2022-10-09
1085;913;3;15;16;2022-10-09;2022-10-09
1086;914;1;19;20;2022-10-09;2022-10-09
1087;915;6;14;15;2022-10-09;2022-10-09
1088;916;1;11;13;2022-10-09;2022-10-09
1089;917;3;16;18;2022-10-09;2022-10-09
1090;917;5;16;18;2022-10-09;2022-10-09
1091;918;3;9;11;2022-10-09;2022-10-09
1092;919;4;18;19;2022-10-09;2022-10-09
1093;920;2;9;10;2022-10-09;2022-10-09
1094;921;2;16;18;2022-10-09;2022-10-09
1095;921;4;16;18;2022-10-09;2022-10-09
1096;922;6;16;18;2022-10-09;2022-10-09
1097;922;4;16;18;2022-10-09;2022-10-09
1098;923;3;9;11;2022-10-09;2022-10-09
1099;924;3;11;13;2022-10-09;2022-10-09
1100;925;3;19;20;2022-10-09;2022-10-09
1101;926;4;10;13;2022-10-09;2022-10-09
1102;927;2;11;13;2022-10-09;2022-10-09
1103;927;4;11;13;2022-10-09;2022-10-09
1104;928;6;8;9;2022-10-09;2022-10-09
1105;929;4;10;11;2022-10-09;2022-10-09
1106;930;5;17;19;2022-10-09;2022-10-09
1107;931;1;20;22;2022-10-09;2022-10-09
1108;931;3;20;22;2022-10-09;2022-10-09
1109;932;6;14;15;2022-10-09;2022-10-09
1110;933;2;18;21;2022-10-09;2022-10-09
1111;934;1;17;19;2022-10-09;2022-10-09
1112;934;3;17;19;2022-10-09;2022-10-09
1113;935;5;7;8;2022-10-09;2022-10-09
1114;936;4;14;15;2022-10-09;2022-10-09
1115;937;5;9;12;2022-10-09;2022-10-09
1116;938;2;18;20;2022-10-09;2022-10-09
1117;939;5;10;11;2022-10-09;2022-10-09
1118;940;3;7;9;2022-10-09;2022-10-09
1119;940;5;7;9;2022-10-09;2022-10-09
1120;941;3;16;17;2022-10-09;2022-10-09
1121;942;6;9;11;2022-10-09;2022-10-09
1122;943;6;15;17;2022-10-09;2022-10-09
1123;943;4;15;17;2022-10-09;2022-10-09
1124;944;2;8;10;2022-10-09;2022-10-09
1125;945;3;11;14;2022-10-09;2022-10-09
1126;946;1;8;10;2022-10-09;2022-10-09
1127;947;4;11;12;2022-10-09;2022-10-09
1128;948;5;7;10;2022-10-09;2022-10-09
1129;949;6;15;17;2022-10-09;2022-10-09
1130;949;4;15;17;2022-10-09;2022-10-09
1131;950;3;8;10;2022-10-09;2022-10-09
1132;951;1;7;8;2022-10-09;2022-10-09
1133;952;4;7;8;2022-10-09;2022-10-09
1134;953;2;17;19;2022-10-09;2022-10-09
1135;953;4;17;19;2022-10-09;2022-10-09
1136;954;2;9;10;2022-10-09;2022-10-09
1137;955;4;11;14;2022-10-09;2022-10-09
1138;956;5;16;18;2022-10-09;2022-10-09
1139;956;3;16;18;2022-10-09;2022-10-09
1140;957;4;8;9;2022-10-09;2022-10-09
1141;958;5;11;13;2022-10-09;2022-10-09
1142;958;3;11;13;2022-10-09;2022-10-09
1143;959;2;11;13;2022-10-09;2022-10-09
1144;959;4;11;13;2022-10-09;2022-10-09
1145;960;5;10;12;2022-10-09;2022-10-09
1146;960;3;10;12;2022-10-09;2022-10-09
1147;961;1;8;10;2022-10-09;2022-10-09
1148;962;6;14;16;2022-10-09;2022-10-09
1149;962;4;14;16;2022-10-09;2022-10-09
1150;963;2;10;11;2022-10-09;2022-10-09
1151;964;5;20;22;2022-10-09;2022-10-09
1152;964;3;20;22;2022-10-09;2022-10-09
1153;965;5;17;20;2022-10-09;2022-10-09
1154;966;4;7;9;2022-10-09;2022-10-09
1155;966;6;7;9;2022-10-09;2022-10-09
1156;967;4;17;18;2022-10-09;2022-10-09
1157;968;3;7;8;2022-10-09;2022-10-09
1158;969;6;10;13;2022-10-09;2022-10-09
1159;970;2;10;13;2022-10-09;2022-10-09
1160;971;5;10;12;2022-10-09;2022-10-09
1161;971;3;10;12;2022-10-09;2022-10-09
1162;972;5;16;18;2022-10-09;2022-10-09
1163;972;3;16;18;2022-10-09;2022-10-09
1164;973;2;20;22;2022-10-09;2022-10-09
1165;974;1;8;11;2022-10-09;2022-10-09
1166;975;2;15;18;2022-10-09;2022-10-09
1167;976;6;10;12;2022-10-09;2022-10-09
1168;977;6;16;17;2022-10-09;2022-10-09
1169;978;2;7;9;2022-10-09;2022-10-09
1170;978;4;7;9;2022-10-09;2022-10-09
1171;979;6;8;10;2022-10-09;2022-10-09
1172;979;4;8;10;2022-10-09;2022-10-09
1173;980;5;15;16;2022-10-09;2022-10-09
1174;981;2;20;22;2022-10-09;2022-10-09
1175;982;6;15;17;2022-10-09;2022-10-09
1176;983;4;7;9;2022-10-09;2022-10-09
1177;983;6;7;9;2022-10-09;2022-10-09
1178;984;2;10;12;2022-10-09;2022-10-09
1179;984;4;10;12;2022-10-09;2022-10-09
1180;985;6;9;10;2022-10-09;2022-10-09
1181;986;5;19;21;2022-10-09;2022-10-09
1182;986;3;19;21;2022-10-09;2022-10-09
1183;987;6;9;11;2022-10-09;2022-10-09
1184;987;4;9;11;2022-10-09;2022-10-09
1185;988;4;17;18;2022-10-09;2022-10-09
1186;989;4;14;16;2022-10-09;2022-10-09
1187;989;6;14;16;2022-10-09;2022-10-09
1188;990;4;15;18;2022-10-09;2022-10-09
1189;991;2;10;12;2022-10-09;2022-10-09
1190;991;4;10;12;2022-10-09;2022-10-09
1191;992;6;7;9;2022-10-09;2022-10-09
1192;992;4;7;9;2022-10-09;2022-10-09
1193;993;3;17;20;2022-10-09;2022-10-09
1194;994;1;17;20;2022-10-09;2022-10-09
1195;995;2;15;16;2022-10-09;2022-10-09
1196;996;1;18;20;2022-10-09;2022-10-09
1197;996;3;18;20;2022-10-09;2022-10-09
1198;997;5;7;9;2022-10-09;2022-10-09
1199;998;4;14;16;2022-10-09;2022-10-09
1200;998;6;14;16;2022-10-09;2022-10-09
1201;999;4;19;20;2022-10-09;2022-10-09
1202;1000;1;20;22;2022-10-09;2022-10-09
1203;1001;1;10;11;2022-10-09;2022-10-09
1204;1002;3;9;12;2022-10-09;2022-10-09
1205;1003;4;20;22;2022-10-09;2022-10-09
1206;1004;1;19;21;2022-10-09;2022-10-09
1207;1004;3;19;21;2022-10-09;2022-10-09
1208;1005;2;11;13;2022-10-09;2022-10-09
1209;1006;1;11;13;2022-10-09;2022-10-09
1210;1006;3;11;13;2022-10-09;2022-10-09
1211;1007;2;19;22;2022-10-09;2022-10-09
1212;1008;1;19;21;2022-10-09;2022-10-09
1213;1009;3;7;9;2022-10-09;2022-10-09
1214;1009;5;7;9;2022-10-09;2022-10-09
1215;1010;1;18;20;2022-10-09;2022-10-09
1216;1010;3;18;20;2022-10-09;2022-10-09
1217;1011;3;18;19;2022-10-09;2022-10-09
1218;1012;5;8;10;2022-10-09;2022-10-09
1219;1012;3;8;10;2022-10-09;2022-10-09
1220;1013;3;17;19;2022-10-09;2022-10-09
1221;1013;5;17;19;2022-10-09;2022-10-09
1222;1014;2;11;14;2022-10-09;2022-10-09
1223;1015;6;16;18;2022-10-09;2022-10-09
1224;1015;4;16;18;2022-10-09;2022-10-09
1225;1016;1;10;12;2022-10-09;2022-10-09
1226;1016;3;10;12;2022-10-09;2022-10-09
1227;1017;3;19;20;2022-10-09;2022-10-09
1228;1018;1;10;11;2022-10-09;2022-10-09
1229;1019;6;8;9;2022-10-09;2022-10-09
1230;1020;4;11;14;2022-10-09;2022-10-09
1231;1021;3;15;17;2022-10-09;2022-10-09
1232;1021;5;15;17;2022-10-09;2022-10-09
1233;1022;6;8;9;2022-10-09;2022-10-09
1234;1023;5;15;17;2022-10-09;2022-10-09
1235;1023;3;15;17;2022-10-09;2022-10-09
1236;1024;6;16;17;2022-10-09;2022-10-09
1237;1025;6;15;17;2022-10-09;2022-10-09
1238;1025;4;15;17;2022-10-09;2022-10-09
1239;1026;5;9;11;2022-10-09;2022-10-09
1240;1027;4;14;16;2022-10-09;2022-10-09
1241;1027;6;14;16;2022-10-09;2022-10-09
1242;1028;3;11;13;2022-10-09;2022-10-09
1243;1028;5;11;13;2022-10-09;2022-10-09
1244;1029;6;14;16;2022-10-09;2022-10-09
1245;1029;4;14;16;2022-10-09;2022-10-09
1246;1030;3;7;8;2022-10-09;2022-10-09
1247;1031;4;9;12;2022-10-09;2022-10-09
1248;1032;1;9;10;2022-10-09;2022-10-09
1249;1033;1;8;10;2022-10-09;2022-10-09
1250;1033;3;8;10;2022-10-09;2022-10-09
1251;1034;3;15;18;2022-10-09;2022-10-09
1252;1035;3;11;14;2022-10-09;2022-10-09
1253;1036;4;20;22;2022-10-09;2022-10-09
1254;1037;6;11;14;2022-10-09;2022-10-09
1255;1038;6;8;11;2022-10-09;2022-10-09
1256;1039;1;10;12;2022-10-09;2022-10-09
1257;1040;3;8;9;2022-10-09;2022-10-09
1258;1041;2;10;11;2022-10-09;2022-10-09
1259;1042;3;11;12;2022-10-09;2022-10-09
1260;1043;5;14;16;2022-10-09;2022-10-09
1261;1044;5;9;11;2022-10-09;2022-10-09
1262;1044;3;9;11;2022-10-09;2022-10-09
1263;1045;1;15;16;2022-10-09;2022-10-09
1264;1046;2;17;19;2022-10-09;2022-10-09
1265;1047;1;10;12;2022-10-09;2022-10-09
1266;1047;3;10;12;2022-10-09;2022-10-09
1267;1048;1;9;11;2022-10-09;2022-10-09
1268;1049;1;17;19;2022-10-09;2022-10-09
