SubjectDetailId;SubjectID;ProfeId;Section;Trim;Year;CreatedDate;ModifiedDate
1;249;1110377;1;3;2022;2022-10-09;2022-10-09
2;1153;1110352;1;3;2022;2022-10-09;2022-10-09
3;1076;1110321;1;3;2022;2022-10-09;2022-10-09
4;47;1110379;1;3;2022;2022-10-09;2022-10-09
5;995;1110314;1;3;2022;2022-10-09;2022-10-09
6;58;1110288;1;3;2022;2022-10-09;2022-10-09
7;224;1110263;1;3;2022;2022-10-09;2022-10-09
8;418;1110278;1;3;2022;2022-10-09;2022-10-09
9;617;1110229;1;3;2022;2022-10-09;2022-10-09
10;638;1110348;1;3;2022;2022-10-09;2022-10-09
11;853;1110340;1;3;2022;2022-10-09;2022-10-09
12;1054;1110390;1;3;2022;2022-10-09;2022-10-09
13;701;1110291;1;3;2022;2022-10-09;2022-10-09
14;1069;1110395;1;3;2022;2022-10-09;2022-10-09
15;875;1110318;1;3;2022;2022-10-09;2022-10-09
16;136;1110206;1;3;2022;2022-10-09;2022-10-09
17;992;1110280;1;3;2022;2022-10-09;2022-10-09
18;869;1110395;1;3;2022;2022-10-09;2022-10-09
19;630;1110266;1;3;2022;2022-10-09;2022-10-09
20;612;1110261;1;3;2022;2022-10-09;2022-10-09
21;426;1110217;1;3;2022;2022-10-09;2022-10-09
22;423;1110226;1;3;2022;2022-10-09;2022-10-09
23;174;1110219;1;3;2022;2022-10-09;2022-10-09
24;1181;1110256;1;3;2022;2022-10-09;2022-10-09
25;689;1110293;1;3;2022;2022-10-09;2022-10-09
26;1169;1110362;1;3;2022;2022-10-09;2022-10-09
27;407;1110296;1;3;2022;2022-10-09;2022-10-09
28;10;1110246;1;3;2022;2022-10-09;2022-10-09
29;51;1110312;1;3;2022;2022-10-09;2022-10-09
30;276;1110303;1;3;2022;2022-10-09;2022-10-09
31;1210;1110336;1;3;2022;2022-10-09;2022-10-09
32;11;1110391;1;3;2022;2022-10-09;2022-10-09
33;105;1110294;1;3;2022;2022-10-09;2022-10-09
34;621;1110330;1;3;2022;2022-10-09;2022-10-09
35;62;1110248;1;3;2022;2022-10-09;2022-10-09
36;93;1110328;1;3;2022;2022-10-09;2022-10-09
37;266;1110223;1;3;2022;2022-10-09;2022-10-09
38;344;1110353;1;3;2022;2022-10-09;2022-10-09
39;1094;1110401;1;3;2022;2022-10-09;2022-10-09
40;86;1110229;1;3;2022;2022-10-09;2022-10-09
41;411;1110256;1;3;2022;2022-10-09;2022-10-09
42;707;1110342;1;3;2022;2022-10-09;2022-10-09
43;51;1110245;2;3;2022;2022-10-09;2022-10-09
44;362;1110222;1;3;2022;2022-10-09;2022-10-09
45;1103;1110267;1;3;2022;2022-10-09;2022-10-09
46;1115;1110245;1;3;2022;2022-10-09;2022-10-09
47;756;1110323;1;3;2022;2022-10-09;2022-10-09
48;495;1110247;1;3;2022;2022-10-09;2022-10-09
49;1185;1110403;1;3;2022;2022-10-09;2022-10-09
50;786;1110256;1;3;2022;2022-10-09;2022-10-09
51;681;1110273;1;3;2022;2022-10-09;2022-10-09
52;1136;1110396;1;3;2022;2022-10-09;2022-10-09
53;927;1110304;1;3;2022;2022-10-09;2022-10-09
54;472;1110340;1;3;2022;2022-10-09;2022-10-09
55;547;1110401;1;3;2022;2022-10-09;2022-10-09
56;456;1110345;1;3;2022;2022-10-09;2022-10-09
57;902;1110277;1;3;2022;2022-10-09;2022-10-09
58;239;1110275;1;3;2022;2022-10-09;2022-10-09
59;520;1110321;1;3;2022;2022-10-09;2022-10-09
60;871;1110369;1;3;2022;2022-10-09;2022-10-09
61;857;1110220;1;3;2022;2022-10-09;2022-10-09
62;1022;1110366;1;3;2022;2022-10-09;2022-10-09
63;1219;1110340;1;3;2022;2022-10-09;2022-10-09
64;1211;1110208;1;3;2022;2022-10-09;2022-10-09
65;79;1110390;1;3;2022;2022-10-09;2022-10-09
66;540;1110291;1;3;2022;2022-10-09;2022-10-09
67;1159;1110223;1;3;2022;2022-10-09;2022-10-09
68;872;1110203;1;3;2022;2022-10-09;2022-10-09
69;1167;1110344;1;3;2022;2022-10-09;2022-10-09
70;1054;1110361;2;3;2022;2022-10-09;2022-10-09
71;1102;1110256;1;3;2022;2022-10-09;2022-10-09
72;538;1110290;1;3;2022;2022-10-09;2022-10-09
73;1085;1110240;1;3;2022;2022-10-09;2022-10-09
74;987;1110354;1;3;2022;2022-10-09;2022-10-09
75;424;1110353;1;3;2022;2022-10-09;2022-10-09
76;946;1110206;1;3;2022;2022-10-09;2022-10-09
77;971;1110365;1;3;2022;2022-10-09;2022-10-09
78;982;1110243;1;3;2022;2022-10-09;2022-10-09
79;273;1110218;1;3;2022;2022-10-09;2022-10-09
80;922;1110213;1;3;2022;2022-10-09;2022-10-09
81;445;1110386;1;3;2022;2022-10-09;2022-10-09
82;814;1110209;1;3;2022;2022-10-09;2022-10-09
83;1067;1110298;1;3;2022;2022-10-09;2022-10-09
84;399;1110235;1;3;2022;2022-10-09;2022-10-09
85;1140;1110316;1;3;2022;2022-10-09;2022-10-09
86;443;1110221;1;3;2022;2022-10-09;2022-10-09
87;791;1110235;1;3;2022;2022-10-09;2022-10-09
88;627;1110246;1;3;2022;2022-10-09;2022-10-09
89;366;1110219;1;3;2022;2022-10-09;2022-10-09
90;668;1110224;1;3;2022;2022-10-09;2022-10-09
91;594;1110352;1;3;2022;2022-10-09;2022-10-09
92;413;1110354;1;3;2022;2022-10-09;2022-10-09
93;692;1110318;1;3;2022;2022-10-09;2022-10-09
94;675;1110382;1;3;2022;2022-10-09;2022-10-09
95;1096;1110399;1;3;2022;2022-10-09;2022-10-09
96;398;1110224;1;3;2022;2022-10-09;2022-10-09
97;890;1110394;1;3;2022;2022-10-09;2022-10-09
98;257;1110255;1;3;2022;2022-10-09;2022-10-09
99;456;1110319;2;3;2022;2022-10-09;2022-10-09
100;18;1110315;1;3;2022;2022-10-09;2022-10-09
101;341;1110260;1;3;2022;2022-10-09;2022-10-09
102;633;1110329;1;3;2022;2022-10-09;2022-10-09
103;997;1110356;1;3;2022;2022-10-09;2022-10-09
104;449;1110287;1;3;2022;2022-10-09;2022-10-09
105;99;1110271;1;3;2022;2022-10-09;2022-10-09
106;732;1110378;1;3;2022;2022-10-09;2022-10-09
107;323;1110383;1;3;2022;2022-10-09;2022-10-09
108;190;1110373;1;3;2022;2022-10-09;2022-10-09
109;22;1110306;1;3;2022;2022-10-09;2022-10-09
110;1116;1110306;1;3;2022;2022-10-09;2022-10-09
111;1083;1110324;1;3;2022;2022-10-09;2022-10-09
112;1022;1110344;2;3;2022;2022-10-09;2022-10-09
113;237;1110384;1;3;2022;2022-10-09;2022-10-09
114;262;1110259;1;3;2022;2022-10-09;2022-10-09
115;475;1110376;1;3;2022;2022-10-09;2022-10-09
116;422;1110260;1;3;2022;2022-10-09;2022-10-09
117;487;1110241;1;3;2022;2022-10-09;2022-10-09
118;1155;1110239;1;3;2022;2022-10-09;2022-10-09
119;1170;1110370;1;3;2022;2022-10-09;2022-10-09
120;607;1110339;1;3;2022;2022-10-09;2022-10-09
121;1089;1110309;1;3;2022;2022-10-09;2022-10-09
122;51;1110269;3;3;2022;2022-10-09;2022-10-09
123;840;1110249;1;3;2022;2022-10-09;2022-10-09
124;442;1110288;1;3;2022;2022-10-09;2022-10-09
125;1219;1110349;2;3;2022;2022-10-09;2022-10-09
126;916;1110373;1;3;2022;2022-10-09;2022-10-09
127;86;1110377;2;3;2022;2022-10-09;2022-10-09
128;658;1110332;1;3;2022;2022-10-09;2022-10-09
129;490;1110305;1;3;2022;2022-10-09;2022-10-09
130;913;1110270;1;3;2022;2022-10-09;2022-10-09
131;1207;1110222;1;3;2022;2022-10-09;2022-10-09
132;1208;1110399;1;3;2022;2022-10-09;2022-10-09
133;747;1110237;1;3;2022;2022-10-09;2022-10-09
134;259;1110254;1;3;2022;2022-10-09;2022-10-09
135;628;1110247;1;3;2022;2022-10-09;2022-10-09
136;648;1110332;1;3;2022;2022-10-09;2022-10-09
137;873;1110259;1;3;2022;2022-10-09;2022-10-09
138;842;1110231;1;3;2022;2022-10-09;2022-10-09
139;464;1110216;1;3;2022;2022-10-09;2022-10-09
140;934;1110241;1;3;2022;2022-10-09;2022-10-09
141;213;1110290;1;3;2022;2022-10-09;2022-10-09
142;65;1110358;1;3;2022;2022-10-09;2022-10-09
143;193;1110332;1;3;2022;2022-10-09;2022-10-09
144;318;1110206;1;3;2022;2022-10-09;2022-10-09
145;1030;1110261;1;3;2022;2022-10-09;2022-10-09
146;326;1110371;1;3;2022;2022-10-09;2022-10-09
147;524;1110398;1;3;2022;2022-10-09;2022-10-09
148;296;1110306;1;3;2022;2022-10-09;2022-10-09
149;715;1110287;1;3;2022;2022-10-09;2022-10-09
150;119;1110225;1;3;2022;2022-10-09;2022-10-09
151;744;1110404;1;3;2022;2022-10-09;2022-10-09
152;1175;1110350;1;3;2022;2022-10-09;2022-10-09
153;744;1110338;2;3;2022;2022-10-09;2022-10-09
154;394;1110209;1;3;2022;2022-10-09;2022-10-09
155;1063;1110290;1;3;2022;2022-10-09;2022-10-09
156;628;1110309;2;3;2022;2022-10-09;2022-10-09
157;1087;1110321;1;3;2022;2022-10-09;2022-10-09
158;512;1110375;1;3;2022;2022-10-09;2022-10-09
159;153;1110325;1;3;2022;2022-10-09;2022-10-09
160;683;1110250;1;3;2022;2022-10-09;2022-10-09
161;407;1110398;2;3;2022;2022-10-09;2022-10-09
162;52;1110209;1;3;2022;2022-10-09;2022-10-09
163;525;1110202;1;3;2022;2022-10-09;2022-10-09
164;264;1110304;1;3;2022;2022-10-09;2022-10-09
165;462;1110258;1;3;2022;2022-10-09;2022-10-09
166;476;1110255;1;3;2022;2022-10-09;2022-10-09
167;756;1110388;2;3;2022;2022-10-09;2022-10-09
168;1208;1110307;2;3;2022;2022-10-09;2022-10-09
169;705;1110227;1;3;2022;2022-10-09;2022-10-09
170;591;1110345;1;3;2022;2022-10-09;2022-10-09
171;231;1110349;1;3;2022;2022-10-09;2022-10-09
172;1001;1110243;1;3;2022;2022-10-09;2022-10-09
173;736;1110388;1;3;2022;2022-10-09;2022-10-09
174;919;1110383;1;3;2022;2022-10-09;2022-10-09
175;334;1110249;1;3;2022;2022-10-09;2022-10-09
176;1143;1110304;1;3;2022;2022-10-09;2022-10-09
177;1152;1110236;1;3;2022;2022-10-09;2022-10-09
178;49;1110325;1;3;2022;2022-10-09;2022-10-09
179;63;1110251;1;3;2022;2022-10-09;2022-10-09
180;284;1110328;1;3;2022;2022-10-09;2022-10-09
181;1179;1110325;1;3;2022;2022-10-09;2022-10-09
182;699;1110245;1;3;2022;2022-10-09;2022-10-09
183;253;1110217;1;3;2022;2022-10-09;2022-10-09
184;659;1110383;1;3;2022;2022-10-09;2022-10-09
185;641;1110359;1;3;2022;2022-10-09;2022-10-09
186;1106;1110291;1;3;2022;2022-10-09;2022-10-09
187;1097;1110284;1;3;2022;2022-10-09;2022-10-09
188;479;1110362;1;3;2022;2022-10-09;2022-10-09
189;82;1110378;1;3;2022;2022-10-09;2022-10-09
190;934;1110245;2;3;2022;2022-10-09;2022-10-09
191;544;1110230;1;3;2022;2022-10-09;2022-10-09
192;782;1110264;1;3;2022;2022-10-09;2022-10-09
193;933;1110219;1;3;2022;2022-10-09;2022-10-09
194;1173;1110251;1;3;2022;2022-10-09;2022-10-09
195;290;1110315;1;3;2022;2022-10-09;2022-10-09
196;74;1110309;1;3;2022;2022-10-09;2022-10-09
197;1022;1110239;3;3;2022;2022-10-09;2022-10-09
198;1003;1110205;1;3;2022;2022-10-09;2022-10-09
199;408;1110271;1;3;2022;2022-10-09;2022-10-09
200;1038;1110230;1;3;2022;2022-10-09;2022-10-09
201;1;1110270;1;3;2022;2022-10-09;2022-10-09
202;63;1110341;2;3;2022;2022-10-09;2022-10-09
203;52;1110380;2;3;2022;2022-10-09;2022-10-09
204;756;1110365;3;3;2022;2022-10-09;2022-10-09
205;14;1110283;1;3;2022;2022-10-09;2022-10-09
206;605;1110364;1;3;2022;2022-10-09;2022-10-09
207;699;1110237;2;3;2022;2022-10-09;2022-10-09
208;784;1110385;1;3;2022;2022-10-09;2022-10-09
209;106;1110388;1;3;2022;2022-10-09;2022-10-09
210;834;1110383;1;3;2022;2022-10-09;2022-10-09
211;1100;1110374;1;3;2022;2022-10-09;2022-10-09
212;859;1110308;1;3;2022;2022-10-09;2022-10-09
213;1178;1110255;1;3;2022;2022-10-09;2022-10-09
214;681;1110213;2;3;2022;2022-10-09;2022-10-09
215;210;1110271;1;3;2022;2022-10-09;2022-10-09
216;1146;1110294;1;3;2022;2022-10-09;2022-10-09
217;99;1110259;2;3;2022;2022-10-09;2022-10-09
218;980;1110266;1;3;2022;2022-10-09;2022-10-09
219;715;1110278;2;3;2022;2022-10-09;2022-10-09
220;434;1110217;1;3;2022;2022-10-09;2022-10-09
221;590;1110341;1;3;2022;2022-10-09;2022-10-09
222;665;1110353;1;3;2022;2022-10-09;2022-10-09
223;878;1110317;1;3;2022;2022-10-09;2022-10-09
224;123;1110295;1;3;2022;2022-10-09;2022-10-09
225;54;1110359;1;3;2022;2022-10-09;2022-10-09
226;212;1110243;1;3;2022;2022-10-09;2022-10-09
227;921;1110320;1;3;2022;2022-10-09;2022-10-09
228;459;1110326;1;3;2022;2022-10-09;2022-10-09
229;1152;1110400;2;3;2022;2022-10-09;2022-10-09
230;285;1110358;1;3;2022;2022-10-09;2022-10-09
231;68;1110222;1;3;2022;2022-10-09;2022-10-09
232;431;1110229;1;3;2022;2022-10-09;2022-10-09
233;355;1110323;1;3;2022;2022-10-09;2022-10-09
234;689;1110207;2;3;2022;2022-10-09;2022-10-09
235;190;1110313;2;3;2022;2022-10-09;2022-10-09
236;356;1110370;1;3;2022;2022-10-09;2022-10-09
237;301;1110376;1;3;2022;2022-10-09;2022-10-09
238;52;1110206;3;3;2022;2022-10-09;2022-10-09
239;1184;1110364;1;3;2022;2022-10-09;2022-10-09
240;826;1110253;1;3;2022;2022-10-09;2022-10-09
241;799;1110398;1;3;2022;2022-10-09;2022-10-09
242;540;1110331;2;3;2022;2022-10-09;2022-10-09
243;1212;1110248;1;3;2022;2022-10-09;2022-10-09
244;203;1110223;1;3;2022;2022-10-09;2022-10-09
245;619;1110241;1;3;2022;2022-10-09;2022-10-09
246;681;1110237;3;3;2022;2022-10-09;2022-10-09
247;808;1110344;1;3;2022;2022-10-09;2022-10-09
248;586;1110314;1;3;2022;2022-10-09;2022-10-09
249;1160;1110350;1;3;2022;2022-10-09;2022-10-09
250;103;1110398;1;3;2022;2022-10-09;2022-10-09
251;1057;1110376;1;3;2022;2022-10-09;2022-10-09
252;375;1110225;1;3;2022;2022-10-09;2022-10-09
253;618;1110271;1;3;2022;2022-10-09;2022-10-09
254;479;1110396;2;3;2022;2022-10-09;2022-10-09
255;569;1110401;1;3;2022;2022-10-09;2022-10-09
256;451;1110403;1;3;2022;2022-10-09;2022-10-09
257;1019;1110404;1;3;2022;2022-10-09;2022-10-09
258;150;1110236;1;3;2022;2022-10-09;2022-10-09
259;877;1110326;1;3;2022;2022-10-09;2022-10-09
260;77;1110279;1;3;2022;2022-10-09;2022-10-09
261;592;1110360;1;3;2022;2022-10-09;2022-10-09
262;839;1110361;1;3;2022;2022-10-09;2022-10-09
263;820;1110203;1;3;2022;2022-10-09;2022-10-09
264;656;1110365;1;3;2022;2022-10-09;2022-10-09
265;1139;1110274;1;3;2022;2022-10-09;2022-10-09
266;1089;1110402;2;3;2022;2022-10-09;2022-10-09
267;149;1110325;1;3;2022;2022-10-09;2022-10-09
268;447;1110329;1;3;2022;2022-10-09;2022-10-09
269;1010;1110367;1;3;2022;2022-10-09;2022-10-09
270;787;1110308;1;3;2022;2022-10-09;2022-10-09
271;70;1110286;1;3;2022;2022-10-09;2022-10-09
272;762;1110335;1;3;2022;2022-10-09;2022-10-09
273;591;1110250;2;3;2022;2022-10-09;2022-10-09
274;323;1110260;2;3;2022;2022-10-09;2022-10-09
275;347;1110276;1;3;2022;2022-10-09;2022-10-09
276;1037;1110266;1;3;2022;2022-10-09;2022-10-09
277;646;1110235;1;3;2022;2022-10-09;2022-10-09
278;707;1110309;2;3;2022;2022-10-09;2022-10-09
279;887;1110316;1;3;2022;2022-10-09;2022-10-09
280;1040;1110368;1;3;2022;2022-10-09;2022-10-09
281;3;1110240;1;3;2022;2022-10-09;2022-10-09
282;652;1110272;1;3;2022;2022-10-09;2022-10-09
283;688;1110339;1;3;2022;2022-10-09;2022-10-09
284;921;1110320;2;3;2022;2022-10-09;2022-10-09
285;709;1110402;1;3;2022;2022-10-09;2022-10-09
286;1199;1110395;1;3;2022;2022-10-09;2022-10-09
287;1096;1110302;2;3;2022;2022-10-09;2022-10-09
288;545;1110368;1;3;2022;2022-10-09;2022-10-09
289;79;1110228;2;3;2022;2022-10-09;2022-10-09
290;591;1110262;3;3;2022;2022-10-09;2022-10-09
291;202;1110336;1;3;2022;2022-10-09;2022-10-09
292;683;1110317;2;3;2022;2022-10-09;2022-10-09
293;696;1110315;1;3;2022;2022-10-09;2022-10-09
294;1146;1110376;2;3;2022;2022-10-09;2022-10-09
295;1147;1110349;1;3;2022;2022-10-09;2022-10-09
296;1147;1110244;2;3;2022;2022-10-09;2022-10-09
297;837;1110268;1;3;2022;2022-10-09;2022-10-09
298;493;1110292;1;3;2022;2022-10-09;2022-10-09
299;1065;1110338;1;3;2022;2022-10-09;2022-10-09
300;178;1110217;1;3;2022;2022-10-09;2022-10-09
301;716;1110241;1;3;2022;2022-10-09;2022-10-09
302;1;1110295;2;3;2022;2022-10-09;2022-10-09
303;175;1110213;1;3;2022;2022-10-09;2022-10-09
304;1036;1110396;1;3;2022;2022-10-09;2022-10-09
305;432;1110400;1;3;2022;2022-10-09;2022-10-09
306;136;1110203;2;3;2022;2022-10-09;2022-10-09
307;826;1110264;2;3;2022;2022-10-09;2022-10-09
308;607;1110260;2;3;2022;2022-10-09;2022-10-09
309;1157;1110289;1;3;2022;2022-10-09;2022-10-09
310;485;1110251;1;3;2022;2022-10-09;2022-10-09
311;1170;1110284;2;3;2022;2022-10-09;2022-10-09
312;718;1110316;1;3;2022;2022-10-09;2022-10-09
313;101;1110286;1;3;2022;2022-10-09;2022-10-09
314;835;1110243;1;3;2022;2022-10-09;2022-10-09
315;246;1110219;1;3;2022;2022-10-09;2022-10-09
316;144;1110258;1;3;2022;2022-10-09;2022-10-09
317;241;1110406;1;3;2022;2022-10-09;2022-10-09
318;467;1110358;1;3;2022;2022-10-09;2022-10-09
319;637;1110264;1;3;2022;2022-10-09;2022-10-09
320;910;1110365;1;3;2022;2022-10-09;2022-10-09
321;638;1110242;2;3;2022;2022-10-09;2022-10-09
322;871;1110323;2;3;2022;2022-10-09;2022-10-09
323;931;1110387;1;3;2022;2022-10-09;2022-10-09
324;426;1110398;2;3;2022;2022-10-09;2022-10-09
325;1092;1110336;1;3;2022;2022-10-09;2022-10-09
326;29;1110201;1;3;2022;2022-10-09;2022-10-09
327;51;1110301;4;3;2022;2022-10-09;2022-10-09
328;256;1110373;1;3;2022;2022-10-09;2022-10-09
329;813;1110341;1;3;2022;2022-10-09;2022-10-09
330;114;1110318;1;3;2022;2022-10-09;2022-10-09
331;777;1110304;1;3;2022;2022-10-09;2022-10-09
332;1025;1110346;1;3;2022;2022-10-09;2022-10-09
333;777;1110358;2;3;2022;2022-10-09;2022-10-09
334;758;1110363;1;3;2022;2022-10-09;2022-10-09
335;623;1110324;1;3;2022;2022-10-09;2022-10-09
336;1038;1110285;2;3;2022;2022-10-09;2022-10-09
337;376;1110292;1;3;2022;2022-10-09;2022-10-09
338;662;1110406;1;3;2022;2022-10-09;2022-10-09
339;487;1110389;2;3;2022;2022-10-09;2022-10-09
340;204;1110310;1;3;2022;2022-10-09;2022-10-09
341;321;1110343;1;3;2022;2022-10-09;2022-10-09
342;187;1110377;1;3;2022;2022-10-09;2022-10-09
343;540;1110274;3;3;2022;2022-10-09;2022-10-09
344;579;1110393;1;3;2022;2022-10-09;2022-10-09
345;969;1110298;1;3;2022;2022-10-09;2022-10-09
346;803;1110211;1;3;2022;2022-10-09;2022-10-09
347;288;1110362;1;3;2022;2022-10-09;2022-10-09
348;187;1110405;2;3;2022;2022-10-09;2022-10-09
349;853;1110320;2;3;2022;2022-10-09;2022-10-09
350;155;1110255;1;3;2022;2022-10-09;2022-10-09
351;305;1110236;1;3;2022;2022-10-09;2022-10-09
352;716;1110237;2;3;2022;2022-10-09;2022-10-09
353;966;1110240;1;3;2022;2022-10-09;2022-10-09
354;190;1110341;3;3;2022;2022-10-09;2022-10-09
355;540;1110401;4;3;2022;2022-10-09;2022-10-09
356;391;1110213;1;3;2022;2022-10-09;2022-10-09
357;626;1110351;1;3;2022;2022-10-09;2022-10-09
358;710;1110310;1;3;2022;2022-10-09;2022-10-09
359;1164;1110237;1;3;2022;2022-10-09;2022-10-09
360;287;1110374;1;3;2022;2022-10-09;2022-10-09
361;307;1110289;1;3;2022;2022-10-09;2022-10-09
362;565;1110339;1;3;2022;2022-10-09;2022-10-09
363;1086;1110228;1;3;2022;2022-10-09;2022-10-09
364;1175;1110297;2;3;2022;2022-10-09;2022-10-09
365;1073;1110282;1;3;2022;2022-10-09;2022-10-09
366;145;1110311;1;3;2022;2022-10-09;2022-10-09
367;1085;1110389;2;3;2022;2022-10-09;2022-10-09
368;899;1110227;1;3;2022;2022-10-09;2022-10-09
369;909;1110281;1;3;2022;2022-10-09;2022-10-09
370;1078;1110266;1;3;2022;2022-10-09;2022-10-09
371;99;1110220;3;3;2022;2022-10-09;2022-10-09
372;612;1110343;2;3;2022;2022-10-09;2022-10-09
373;773;1110271;1;3;2022;2022-10-09;2022-10-09
374;221;1110244;1;3;2022;2022-10-09;2022-10-09
375;1141;1110351;1;3;2022;2022-10-09;2022-10-09
376;1117;1110406;1;3;2022;2022-10-09;2022-10-09
377;73;1110406;1;3;2022;2022-10-09;2022-10-09
378;708;1110395;1;3;2022;2022-10-09;2022-10-09
379;183;1110380;1;3;2022;2022-10-09;2022-10-09
380;93;1110269;2;3;2022;2022-10-09;2022-10-09
381;173;1110233;1;3;2022;2022-10-09;2022-10-09
382;1101;1110300;1;3;2022;2022-10-09;2022-10-09
383;762;1110318;2;3;2022;2022-10-09;2022-10-09
384;832;1110299;1;3;2022;2022-10-09;2022-10-09
385;992;1110207;2;3;2022;2022-10-09;2022-10-09
386;290;1110300;2;3;2022;2022-10-09;2022-10-09
387;799;1110267;2;3;2022;2022-10-09;2022-10-09
388;882;1110327;1;3;2022;2022-10-09;2022-10-09
389;1102;1110216;2;3;2022;2022-10-09;2022-10-09
390;846;1110300;1;3;2022;2022-10-09;2022-10-09
391;295;1110351;1;3;2022;2022-10-09;2022-10-09
392;380;1110314;1;3;2022;2022-10-09;2022-10-09
393;439;1110232;1;3;2022;2022-10-09;2022-10-09
394;644;1110227;1;3;2022;2022-10-09;2022-10-09
395;785;1110311;1;3;2022;2022-10-09;2022-10-09
396;916;1110248;2;3;2022;2022-10-09;2022-10-09
397;791;1110383;2;3;2022;2022-10-09;2022-10-09
398;284;1110206;2;3;2022;2022-10-09;2022-10-09
399;1086;1110217;2;3;2022;2022-10-09;2022-10-09
400;137;1110355;1;3;2022;2022-10-09;2022-10-09
401;189;1110342;1;3;2022;2022-10-09;2022-10-09
402;372;1110308;1;3;2022;2022-10-09;2022-10-09
403;936;1110388;1;3;2022;2022-10-09;2022-10-09
404;55;1110350;1;3;2022;2022-10-09;2022-10-09
405;321;1110267;2;3;2022;2022-10-09;2022-10-09
406;1103;1110283;2;3;2022;2022-10-09;2022-10-09
407;241;1110203;2;3;2022;2022-10-09;2022-10-09
408;274;1110367;1;3;2022;2022-10-09;2022-10-09
409;1131;1110236;1;3;2022;2022-10-09;2022-10-09
410;1153;1110391;2;3;2022;2022-10-09;2022-10-09
411;426;1110329;3;3;2022;2022-10-09;2022-10-09
412;605;1110345;2;3;2022;2022-10-09;2022-10-09
413;577;1110394;1;3;2022;2022-10-09;2022-10-09
414;255;1110257;1;3;2022;2022-10-09;2022-10-09
415;555;1110310;1;3;2022;2022-10-09;2022-10-09
416;986;1110304;1;3;2022;2022-10-09;2022-10-09
417;1127;1110241;1;3;2022;2022-10-09;2022-10-09
418;1178;1110282;2;3;2022;2022-10-09;2022-10-09
419;581;1110301;1;3;2022;2022-10-09;2022-10-09
420;587;1110334;1;3;2022;2022-10-09;2022-10-09
421;36;1110381;1;3;2022;2022-10-09;2022-10-09
422;188;1110206;1;3;2022;2022-10-09;2022-10-09
423;971;1110210;2;3;2022;2022-10-09;2022-10-09
424;828;1110216;1;3;2022;2022-10-09;2022-10-09
425;1125;1110271;1;3;2022;2022-10-09;2022-10-09
426;864;1110251;1;3;2022;2022-10-09;2022-10-09
427;254;1110294;1;3;2022;2022-10-09;2022-10-09
428;473;1110387;1;3;2022;2022-10-09;2022-10-09
429;87;1110364;1;3;2022;2022-10-09;2022-10-09
430;525;1110210;2;3;2022;2022-10-09;2022-10-09
431;796;1110259;1;3;2022;2022-10-09;2022-10-09
432;601;1110317;1;3;2022;2022-10-09;2022-10-09
433;263;1110279;1;3;2022;2022-10-09;2022-10-09
434;674;1110210;1;3;2022;2022-10-09;2022-10-09
435;704;1110323;1;3;2022;2022-10-09;2022-10-09
436;1074;1110306;1;3;2022;2022-10-09;2022-10-09
437;344;1110304;2;3;2022;2022-10-09;2022-10-09
438;526;1110346;1;3;2022;2022-10-09;2022-10-09
439;267;1110347;1;3;2022;2022-10-09;2022-10-09
440;471;1110292;1;3;2022;2022-10-09;2022-10-09
441;303;1110405;1;3;2022;2022-10-09;2022-10-09
442;618;1110309;2;3;2022;2022-10-09;2022-10-09
443;709;1110391;2;3;2022;2022-10-09;2022-10-09
444;445;1110357;2;3;2022;2022-10-09;2022-10-09
445;870;1110245;1;3;2022;2022-10-09;2022-10-09
446;97;1110239;1;3;2022;2022-10-09;2022-10-09
447;419;1110290;1;3;2022;2022-10-09;2022-10-09
448;1132;1110277;1;3;2022;2022-10-09;2022-10-09
449;634;1110209;1;3;2022;2022-10-09;2022-10-09
450;541;1110379;1;3;2022;2022-10-09;2022-10-09
451;23;1110226;1;3;2022;2022-10-09;2022-10-09
452;1207;1110203;2;3;2022;2022-10-09;2022-10-09
453;838;1110367;1;3;2022;2022-10-09;2022-10-09
454;432;1110284;2;3;2022;2022-10-09;2022-10-09
455;889;1110366;1;3;2022;2022-10-09;2022-10-09
456;468;1110283;1;3;2022;2022-10-09;2022-10-09
457;557;1110291;1;3;2022;2022-10-09;2022-10-09
458;1182;1110270;1;3;2022;2022-10-09;2022-10-09
459;669;1110237;1;3;2022;2022-10-09;2022-10-09
460;1168;1110343;1;3;2022;2022-10-09;2022-10-09
461;591;1110316;4;3;2022;2022-10-09;2022-10-09
462;774;1110254;1;3;2022;2022-10-09;2022-10-09
463;797;1110239;1;3;2022;2022-10-09;2022-10-09
464;566;1110256;1;3;2022;2022-10-09;2022-10-09
465;545;1110233;2;3;2022;2022-10-09;2022-10-09
466;134;1110212;1;3;2022;2022-10-09;2022-10-09
467;1173;1110206;2;3;2022;2022-10-09;2022-10-09
468;855;1110361;1;3;2022;2022-10-09;2022-10-09
469;991;1110327;1;3;2022;2022-10-09;2022-10-09
470;1069;1110363;2;3;2022;2022-10-09;2022-10-09
471;298;1110246;1;3;2022;2022-10-09;2022-10-09
472;119;1110361;2;3;2022;2022-10-09;2022-10-09
473;24;1110231;1;3;2022;2022-10-09;2022-10-09
474;1087;1110391;2;3;2022;2022-10-09;2022-10-09
475;255;1110254;2;3;2022;2022-10-09;2022-10-09
476;695;1110353;1;3;2022;2022-10-09;2022-10-09
477;105;1110261;2;3;2022;2022-10-09;2022-10-09
478;205;1110406;1;3;2022;2022-10-09;2022-10-09
479;936;1110335;2;3;2022;2022-10-09;2022-10-09
480;162;1110377;1;3;2022;2022-10-09;2022-10-09
481;1164;1110373;2;3;2022;2022-10-09;2022-10-09
482;1123;1110372;1;3;2022;2022-10-09;2022-10-09
483;317;1110289;1;3;2022;2022-10-09;2022-10-09
484;300;1110211;1;3;2022;2022-10-09;2022-10-09
485;15;1110348;1;3;2022;2022-10-09;2022-10-09
486;1005;1110370;1;3;2022;2022-10-09;2022-10-09
487;161;1110241;1;3;2022;2022-10-09;2022-10-09
488;383;1110314;1;3;2022;2022-10-09;2022-10-09
489;120;1110248;1;3;2022;2022-10-09;2022-10-09
490;1056;1110302;1;3;2022;2022-10-09;2022-10-09
491;656;1110236;2;3;2022;2022-10-09;2022-10-09
492;197;1110361;1;3;2022;2022-10-09;2022-10-09
493;1127;1110400;2;3;2022;2022-10-09;2022-10-09
494;725;1110342;1;3;2022;2022-10-09;2022-10-09
495;1151;1110245;1;3;2022;2022-10-09;2022-10-09
496;674;1110333;2;3;2022;2022-10-09;2022-10-09
497;655;1110278;1;3;2022;2022-10-09;2022-10-09
498;386;1110320;1;3;2022;2022-10-09;2022-10-09
499;682;1110277;1;3;2022;2022-10-09;2022-10-09
500;1012;1110311;1;3;2022;2022-10-09;2022-10-09
501;1055;1110338;1;3;2022;2022-10-09;2022-10-09
502;610;1110354;1;3;2022;2022-10-09;2022-10-09
503;847;1110288;1;3;2022;2022-10-09;2022-10-09
504;1059;1110326;1;3;2022;2022-10-09;2022-10-09
505;1138;1110332;1;3;2022;2022-10-09;2022-10-09
506;1132;1110284;2;3;2022;2022-10-09;2022-10-09
507;841;1110341;1;3;2022;2022-10-09;2022-10-09
508;1181;1110380;2;3;2022;2022-10-09;2022-10-09
509;716;1110339;3;3;2022;2022-10-09;2022-10-09
510;384;1110250;1;3;2022;2022-10-09;2022-10-09
511;243;1110321;1;3;2022;2022-10-09;2022-10-09
512;1065;1110271;2;3;2022;2022-10-09;2022-10-09
513;655;1110372;2;3;2022;2022-10-09;2022-10-09
514;194;1110234;1;3;2022;2022-10-09;2022-10-09
515;683;1110250;3;3;2022;2022-10-09;2022-10-09
516;1125;1110349;2;3;2022;2022-10-09;2022-10-09
517;1023;1110253;1;3;2022;2022-10-09;2022-10-09
518;1111;1110208;1;3;2022;2022-10-09;2022-10-09
519;784;1110336;2;3;2022;2022-10-09;2022-10-09
520;639;1110274;1;3;2022;2022-10-09;2022-10-09
521;804;1110222;1;3;2022;2022-10-09;2022-10-09
522;47;1110396;2;3;2022;2022-10-09;2022-10-09
523;803;1110232;2;3;2022;2022-10-09;2022-10-09
524;267;1110217;2;3;2022;2022-10-09;2022-10-09
525;918;1110380;1;3;2022;2022-10-09;2022-10-09
526;584;1110265;1;3;2022;2022-10-09;2022-10-09
527;1001;1110239;2;3;2022;2022-10-09;2022-10-09
528;787;1110276;2;3;2022;2022-10-09;2022-10-09
529;1195;1110293;1;3;2022;2022-10-09;2022-10-09
530;1132;1110278;3;3;2022;2022-10-09;2022-10-09
531;840;1110305;2;3;2022;2022-10-09;2022-10-09
532;129;1110325;1;3;2022;2022-10-09;2022-10-09
533;481;1110307;1;3;2022;2022-10-09;2022-10-09
534;166;1110204;1;3;2022;2022-10-09;2022-10-09
535;939;1110397;1;3;2022;2022-10-09;2022-10-09
536;1076;1110403;2;3;2022;2022-10-09;2022-10-09
537;732;1110357;2;3;2022;2022-10-09;2022-10-09
538;1121;1110261;1;3;2022;2022-10-09;2022-10-09
539;352;1110229;1;3;2022;2022-10-09;2022-10-09
540;1026;1110405;1;3;2022;2022-10-09;2022-10-09
541;677;1110363;1;3;2022;2022-10-09;2022-10-09
542;495;1110326;2;3;2022;2022-10-09;2022-10-09
543;877;1110372;2;3;2022;2022-10-09;2022-10-09
544;334;1110390;2;3;2022;2022-10-09;2022-10-09
545;158;1110228;1;3;2022;2022-10-09;2022-10-09
546;408;1110221;2;3;2022;2022-10-09;2022-10-09
547;467;1110356;2;3;2022;2022-10-09;2022-10-09
548;616;1110265;1;3;2022;2022-10-09;2022-10-09
549;945;1110272;1;3;2022;2022-10-09;2022-10-09
550;337;1110306;1;3;2022;2022-10-09;2022-10-09
551;471;1110406;2;3;2022;2022-10-09;2022-10-09
552;1167;1110404;2;3;2022;2022-10-09;2022-10-09
553;1212;1110234;2;3;2022;2022-10-09;2022-10-09
554;242;1110312;1;3;2022;2022-10-09;2022-10-09
555;1176;1110222;1;3;2022;2022-10-09;2022-10-09
556;260;1110404;1;3;2022;2022-10-09;2022-10-09
557;962;1110367;1;3;2022;2022-10-09;2022-10-09
558;929;1110368;1;3;2022;2022-10-09;2022-10-09
559;54;1110352;2;3;2022;2022-10-09;2022-10-09
560;838;1110339;2;3;2022;2022-10-09;2022-10-09
561;897;1110216;1;3;2022;2022-10-09;2022-10-09
562;628;1110281;3;3;2022;2022-10-09;2022-10-09
563;804;1110288;2;3;2022;2022-10-09;2022-10-09
564;577;1110362;2;3;2022;2022-10-09;2022-10-09
565;455;1110374;1;3;2022;2022-10-09;2022-10-09
566;498;1110356;1;3;2022;2022-10-09;2022-10-09
567;951;1110310;1;3;2022;2022-10-09;2022-10-09
568;946;1110224;2;3;2022;2022-10-09;2022-10-09
569;370;1110235;1;3;2022;2022-10-09;2022-10-09
570;1100;1110255;2;3;2022;2022-10-09;2022-10-09
571;469;1110381;1;3;2022;2022-10-09;2022-10-09
572;462;1110405;2;3;2022;2022-10-09;2022-10-09
573;834;1110215;2;3;2022;2022-10-09;2022-10-09
574;535;1110361;1;3;2022;2022-10-09;2022-10-09
575;657;1110215;1;3;2022;2022-10-09;2022-10-09
576;256;1110264;2;3;2022;2022-10-09;2022-10-09
577;399;1110310;2;3;2022;2022-10-09;2022-10-09
578;1106;1110301;2;3;2022;2022-10-09;2022-10-09
579;229;1110401;1;3;2022;2022-10-09;2022-10-09
580;50;1110376;1;3;2022;2022-10-09;2022-10-09
581;1090;1110270;1;3;2022;2022-10-09;2022-10-09
582;1187;1110225;1;3;2022;2022-10-09;2022-10-09
583;399;1110232;3;3;2022;2022-10-09;2022-10-09
584;737;1110204;1;3;2022;2022-10-09;2022-10-09
585;1027;1110368;1;3;2022;2022-10-09;2022-10-09
586;163;1110248;1;3;2022;2022-10-09;2022-10-09
587;793;1110232;1;3;2022;2022-10-09;2022-10-09
588;12;1110238;1;3;2022;2022-10-09;2022-10-09
589;666;1110319;1;3;2022;2022-10-09;2022-10-09
590;946;1110237;3;3;2022;2022-10-09;2022-10-09
591;846;1110291;2;3;2022;2022-10-09;2022-10-09
592;936;1110332;3;3;2022;2022-10-09;2022-10-09
593;198;1110263;1;3;2022;2022-10-09;2022-10-09
594;929;1110296;2;3;2022;2022-10-09;2022-10-09
595;147;1110385;1;3;2022;2022-10-09;2022-10-09
596;89;1110212;1;3;2022;2022-10-09;2022-10-09
597;928;1110311;1;3;2022;2022-10-09;2022-10-09
598;653;1110243;1;3;2022;2022-10-09;2022-10-09
599;37;1110338;1;3;2022;2022-10-09;2022-10-09
600;1206;1110291;1;3;2022;2022-10-09;2022-10-09
601;655;1110246;3;3;2022;2022-10-09;2022-10-09
602;1014;1110216;1;3;2022;2022-10-09;2022-10-09
603;805;1110206;1;3;2022;2022-10-09;2022-10-09
604;756;1110253;4;3;2022;2022-10-09;2022-10-09
605;282;1110266;1;3;2022;2022-10-09;2022-10-09
606;668;1110244;2;3;2022;2022-10-09;2022-10-09
607;441;1110289;1;3;2022;2022-10-09;2022-10-09
608;885;1110339;1;3;2022;2022-10-09;2022-10-09
609;1152;1110383;3;3;2022;2022-10-09;2022-10-09
610;864;1110243;2;3;2022;2022-10-09;2022-10-09
611;682;1110354;2;3;2022;2022-10-09;2022-10-09
612;859;1110379;2;3;2022;2022-10-09;2022-10-09
613;171;1110283;1;3;2022;2022-10-09;2022-10-09
614;785;1110256;2;3;2022;2022-10-09;2022-10-09
615;269;1110237;1;3;2022;2022-10-09;2022-10-09
616;918;1110275;2;3;2022;2022-10-09;2022-10-09
617;324;1110275;1;3;2022;2022-10-09;2022-10-09
618;59;1110295;1;3;2022;2022-10-09;2022-10-09
619;695;1110369;2;3;2022;2022-10-09;2022-10-09
620;883;1110352;1;3;2022;2022-10-09;2022-10-09
621;273;1110211;2;3;2022;2022-10-09;2022-10-09
622;83;1110310;1;3;2022;2022-10-09;2022-10-09
623;389;1110343;1;3;2022;2022-10-09;2022-10-09
624;818;1110366;1;3;2022;2022-10-09;2022-10-09
625;398;1110329;2;3;2022;2022-10-09;2022-10-09
626;1011;1110270;1;3;2022;2022-10-09;2022-10-09
627;794;1110379;1;3;2022;2022-10-09;2022-10-09
628;856;1110348;1;3;2022;2022-10-09;2022-10-09
629;1156;1110215;1;3;2022;2022-10-09;2022-10-09
630;911;1110343;1;3;2022;2022-10-09;2022-10-09
631;1056;1110378;2;3;2022;2022-10-09;2022-10-09
632;270;1110248;1;3;2022;2022-10-09;2022-10-09
633;546;1110321;1;3;2022;2022-10-09;2022-10-09
634;447;1110203;2;3;2022;2022-10-09;2022-10-09
635;712;1110376;1;3;2022;2022-10-09;2022-10-09
636;740;1110203;1;3;2022;2022-10-09;2022-10-09
637;605;1110269;3;3;2022;2022-10-09;2022-10-09
638;540;1110344;5;3;2022;2022-10-09;2022-10-09
639;193;1110390;2;3;2022;2022-10-09;2022-10-09
640;61;1110260;1;3;2022;2022-10-09;2022-10-09
641;621;1110237;2;3;2022;2022-10-09;2022-10-09
642;269;1110353;2;3;2022;2022-10-09;2022-10-09
643;814;1110299;2;3;2022;2022-10-09;2022-10-09
644;857;1110227;2;3;2022;2022-10-09;2022-10-09
645;472;1110220;2;3;2022;2022-10-09;2022-10-09
646;1036;1110212;2;3;2022;2022-10-09;2022-10-09
647;672;1110387;1;3;2022;2022-10-09;2022-10-09
648;648;1110333;2;3;2022;2022-10-09;2022-10-09
649;140;1110305;1;3;2022;2022-10-09;2022-10-09
650;935;1110257;1;3;2022;2022-10-09;2022-10-09
651;381;1110282;1;3;2022;2022-10-09;2022-10-09
652;679;1110327;1;3;2022;2022-10-09;2022-10-09
653;948;1110370;1;3;2022;2022-10-09;2022-10-09
654;1199;1110258;2;3;2022;2022-10-09;2022-10-09
655;369;1110337;1;3;2022;2022-10-09;2022-10-09
656;270;1110311;2;3;2022;2022-10-09;2022-10-09
657;574;1110363;1;3;2022;2022-10-09;2022-10-09
658;653;1110259;2;3;2022;2022-10-09;2022-10-09
659;21;1110406;1;3;2022;2022-10-09;2022-10-09
660;954;1110275;1;3;2022;2022-10-09;2022-10-09
661;904;1110398;1;3;2022;2022-10-09;2022-10-09
662;619;1110230;2;3;2022;2022-10-09;2022-10-09
663;5;1110300;1;3;2022;2022-10-09;2022-10-09
664;574;1110206;2;3;2022;2022-10-09;2022-10-09
665;893;1110323;1;3;2022;2022-10-09;2022-10-09
666;615;1110282;1;3;2022;2022-10-09;2022-10-09
667;1042;1110366;1;3;2022;2022-10-09;2022-10-09
668;714;1110325;1;3;2022;2022-10-09;2022-10-09
669;1130;1110215;1;3;2022;2022-10-09;2022-10-09
670;928;1110289;2;3;2022;2022-10-09;2022-10-09
671;869;1110265;2;3;2022;2022-10-09;2022-10-09
672;857;1110202;3;3;2022;2022-10-09;2022-10-09
673;432;1110323;3;3;2022;2022-10-09;2022-10-09
674;895;1110259;1;3;2022;2022-10-09;2022-10-09
675;219;1110399;1;3;2022;2022-10-09;2022-10-09
676;435;1110348;1;3;2022;2022-10-09;2022-10-09
677;803;1110283;3;3;2022;2022-10-09;2022-10-09
678;910;1110377;2;3;2022;2022-10-09;2022-10-09
679;738;1110278;1;3;2022;2022-10-09;2022-10-09
680;868;1110286;1;3;2022;2022-10-09;2022-10-09
681;478;1110353;1;3;2022;2022-10-09;2022-10-09
682;1191;1110393;1;3;2022;2022-10-09;2022-10-09
683;387;1110388;1;3;2022;2022-10-09;2022-10-09
684;927;1110302;2;3;2022;2022-10-09;2022-10-09
685;256;1110268;3;3;2022;2022-10-09;2022-10-09
686;589;1110398;1;3;2022;2022-10-09;2022-10-09
687;658;1110360;2;3;2022;2022-10-09;2022-10-09
688;660;1110242;1;3;2022;2022-10-09;2022-10-09
689;333;1110392;1;3;2022;2022-10-09;2022-10-09
690;509;1110376;1;3;2022;2022-10-09;2022-10-09
691;119;1110332;3;3;2022;2022-10-09;2022-10-09
692;465;1110334;1;3;2022;2022-10-09;2022-10-09
693;935;1110326;2;3;2022;2022-10-09;2022-10-09
694;263;1110245;2;3;2022;2022-10-09;2022-10-09
695;593;1110230;1;3;2022;2022-10-09;2022-10-09
696;1004;1110297;1;3;2022;2022-10-09;2022-10-09
697;750;1110211;1;3;2022;2022-10-09;2022-10-09
698;1147;1110223;3;3;2022;2022-10-09;2022-10-09
699;803;1110354;4;3;2022;2022-10-09;2022-10-09
700;532;1110314;1;3;2022;2022-10-09;2022-10-09
701;424;1110400;2;3;2022;2022-10-09;2022-10-09
702;669;1110264;2;3;2022;2022-10-09;2022-10-09
703;29;1110201;2;3;2022;2022-10-09;2022-10-09
704;222;1110344;1;3;2022;2022-10-09;2022-10-09
705;663;1110374;1;3;2022;2022-10-09;2022-10-09
706;626;1110330;2;3;2022;2022-10-09;2022-10-09
707;261;1110301;1;3;2022;2022-10-09;2022-10-09
708;1184;1110283;2;3;2022;2022-10-09;2022-10-09
709;254;1110390;2;3;2022;2022-10-09;2022-10-09
710;621;1110246;3;3;2022;2022-10-09;2022-10-09
711;656;1110379;3;3;2022;2022-10-09;2022-10-09
712;1131;1110406;2;3;2022;2022-10-09;2022-10-09
713;925;1110240;1;3;2022;2022-10-09;2022-10-09
714;322;1110240;1;3;2022;2022-10-09;2022-10-09
715;1191;1110224;2;3;2022;2022-10-09;2022-10-09
716;429;1110336;1;3;2022;2022-10-09;2022-10-09
717;118;1110361;1;3;2022;2022-10-09;2022-10-09
718;1082;1110308;1;3;2022;2022-10-09;2022-10-09
719;103;1110246;2;3;2022;2022-10-09;2022-10-09
720;930;1110271;1;3;2022;2022-10-09;2022-10-09
721;64;1110283;1;3;2022;2022-10-09;2022-10-09
722;776;1110254;1;3;2022;2022-10-09;2022-10-09
723;422;1110390;2;3;2022;2022-10-09;2022-10-09
724;1199;1110391;3;3;2022;2022-10-09;2022-10-09
725;1080;1110349;1;3;2022;2022-10-09;2022-10-09
726;1034;1110239;1;3;2022;2022-10-09;2022-10-09
727;675;1110263;2;3;2022;2022-10-09;2022-10-09
728;1199;1110220;4;3;2022;2022-10-09;2022-10-09
729;1189;1110324;1;3;2022;2022-10-09;2022-10-09
730;698;1110282;1;3;2022;2022-10-09;2022-10-09
731;470;1110370;1;3;2022;2022-10-09;2022-10-09
732;158;1110246;2;3;2022;2022-10-09;2022-10-09
733;1058;1110400;1;3;2022;2022-10-09;2022-10-09
734;1024;1110270;1;3;2022;2022-10-09;2022-10-09
735;1027;1110337;2;3;2022;2022-10-09;2022-10-09
736;1175;1110316;3;3;2022;2022-10-09;2022-10-09
737;884;1110389;1;3;2022;2022-10-09;2022-10-09
738;1102;1110385;3;3;2022;2022-10-09;2022-10-09
739;1016;1110260;1;3;2022;2022-10-09;2022-10-09
740;477;1110252;1;3;2022;2022-10-09;2022-10-09
741;825;1110371;1;3;2022;2022-10-09;2022-10-09
742;478;1110396;2;3;2022;2022-10-09;2022-10-09
743;425;1110220;1;3;2022;2022-10-09;2022-10-09
744;907;1110269;1;3;2022;2022-10-09;2022-10-09
745;965;1110355;1;3;2022;2022-10-09;2022-10-09
746;1159;1110325;2;3;2022;2022-10-09;2022-10-09
747;1213;1110203;1;3;2022;2022-10-09;2022-10-09
748;784;1110376;3;3;2022;2022-10-09;2022-10-09
749;436;1110203;1;3;2022;2022-10-09;2022-10-09
750;1035;1110392;1;3;2022;2022-10-09;2022-10-09
751;749;1110399;1;3;2022;2022-10-09;2022-10-09
752;584;1110388;2;3;2022;2022-10-09;2022-10-09
753;1015;1110216;1;3;2022;2022-10-09;2022-10-09
754;1050;1110233;1;3;2022;2022-10-09;2022-10-09
755;1185;1110229;2;3;2022;2022-10-09;2022-10-09
756;384;1110318;2;3;2022;2022-10-09;2022-10-09
757;1168;1110208;2;3;2022;2022-10-09;2022-10-09
758;562;1110231;1;3;2022;2022-10-09;2022-10-09
759;820;1110301;2;3;2022;2022-10-09;2022-10-09
760;720;1110292;1;3;2022;2022-10-09;2022-10-09
761;61;1110308;2;3;2022;2022-10-09;2022-10-09
762;1069;1110382;3;3;2022;2022-10-09;2022-10-09
763;473;1110390;2;3;2022;2022-10-09;2022-10-09
764;71;1110245;1;3;2022;2022-10-09;2022-10-09
765;526;1110262;2;3;2022;2022-10-09;2022-10-09
766;62;1110234;2;3;2022;2022-10-09;2022-10-09
767;1083;1110278;2;3;2022;2022-10-09;2022-10-09
768;956;1110280;1;3;2022;2022-10-09;2022-10-09
769;117;1110233;1;3;2022;2022-10-09;2022-10-09
770;666;1110366;2;3;2022;2022-10-09;2022-10-09
771;578;1110371;1;3;2022;2022-10-09;2022-10-09
772;118;1110291;2;3;2022;2022-10-09;2022-10-09
773;898;1110350;1;3;2022;2022-10-09;2022-10-09
774;717;1110374;1;3;2022;2022-10-09;2022-10-09
775;964;1110383;1;3;2022;2022-10-09;2022-10-09
776;617;1110400;2;3;2022;2022-10-09;2022-10-09
777;567;1110291;1;3;2022;2022-10-09;2022-10-09
778;675;1110202;3;3;2022;2022-10-09;2022-10-09
779;943;1110283;1;3;2022;2022-10-09;2022-10-09
780;133;1110280;1;3;2022;2022-10-09;2022-10-09
781;367;1110290;1;3;2022;2022-10-09;2022-10-09
782;254;1110254;3;3;2022;2022-10-09;2022-10-09
783;611;1110221;1;3;2022;2022-10-09;2022-10-09
784;140;1110306;2;3;2022;2022-10-09;2022-10-09
785;719;1110249;1;3;2022;2022-10-09;2022-10-09
786;1012;1110316;2;3;2022;2022-10-09;2022-10-09
787;713;1110214;1;3;2022;2022-10-09;2022-10-09
788;990;1110376;1;3;2022;2022-10-09;2022-10-09
789;657;1110396;2;3;2022;2022-10-09;2022-10-09
790;982;1110347;2;3;2022;2022-10-09;2022-10-09
791;184;1110245;1;3;2022;2022-10-09;2022-10-09
792;597;1110398;1;3;2022;2022-10-09;2022-10-09
793;755;1110402;1;3;2022;2022-10-09;2022-10-09
794;551;1110275;1;3;2022;2022-10-09;2022-10-09
795;359;1110309;1;3;2022;2022-10-09;2022-10-09
796;146;1110252;1;3;2022;2022-10-09;2022-10-09
797;526;1110323;3;3;2022;2022-10-09;2022-10-09
798;305;1110404;2;3;2022;2022-10-09;2022-10-09
799;521;1110259;1;3;2022;2022-10-09;2022-10-09
800;364;1110378;1;3;2022;2022-10-09;2022-10-09
801;126;1110385;1;3;2022;2022-10-09;2022-10-09
802;19;1110312;1;3;2022;2022-10-09;2022-10-09
803;702;1110260;1;3;2022;2022-10-09;2022-10-09
804;478;1110228;3;3;2022;2022-10-09;2022-10-09
805;931;1110265;2;3;2022;2022-10-09;2022-10-09
806;1047;1110299;1;3;2022;2022-10-09;2022-10-09
807;904;1110366;2;3;2022;2022-10-09;2022-10-09
808;942;1110291;1;3;2022;2022-10-09;2022-10-09
809;181;1110342;1;3;2022;2022-10-09;2022-10-09
810;1016;1110406;2;3;2022;2022-10-09;2022-10-09
811;212;1110239;2;3;2022;2022-10-09;2022-10-09
812;1213;1110364;2;3;2022;2022-10-09;2022-10-09
813;72;1110315;1;3;2022;2022-10-09;2022-10-09
814;155;1110301;2;3;2022;2022-10-09;2022-10-09
815;204;1110350;2;3;2022;2022-10-09;2022-10-09
816;451;1110276;2;3;2022;2022-10-09;2022-10-09
817;1095;1110216;1;3;2022;2022-10-09;2022-10-09
818;634;1110401;2;3;2022;2022-10-09;2022-10-09
819;214;1110262;1;3;2022;2022-10-09;2022-10-09
820;1065;1110305;3;3;2022;2022-10-09;2022-10-09
821;899;1110243;2;3;2022;2022-10-09;2022-10-09
822;420;1110299;1;3;2022;2022-10-09;2022-10-09
823;83;1110245;2;3;2022;2022-10-09;2022-10-09
824;966;1110336;2;3;2022;2022-10-09;2022-10-09
825;795;1110360;1;3;2022;2022-10-09;2022-10-09
826;1110;1110298;1;3;2022;2022-10-09;2022-10-09
827;80;1110402;1;3;2022;2022-10-09;2022-10-09
828;1130;1110318;2;3;2022;2022-10-09;2022-10-09
829;780;1110206;1;3;2022;2022-10-09;2022-10-09
830;952;1110280;1;3;2022;2022-10-09;2022-10-09
831;612;1110343;3;3;2022;2022-10-09;2022-10-09
832;986;1110284;2;3;2022;2022-10-09;2022-10-09
833;190;1110223;4;3;2022;2022-10-09;2022-10-09
834;352;1110215;2;3;2022;2022-10-09;2022-10-09
835;438;1110210;1;3;2022;2022-10-09;2022-10-09
836;378;1110323;1;3;2022;2022-10-09;2022-10-09
837;1217;1110332;1;3;2022;2022-10-09;2022-10-09
838;477;1110268;2;3;2022;2022-10-09;2022-10-09
839;1085;1110213;3;3;2022;2022-10-09;2022-10-09
840;675;1110359;4;3;2022;2022-10-09;2022-10-09
841;997;1110262;2;3;2022;2022-10-09;2022-10-09
842;1116;1110311;2;3;2022;2022-10-09;2022-10-09
843;10;1110364;2;3;2022;2022-10-09;2022-10-09
844;1095;1110234;2;3;2022;2022-10-09;2022-10-09
845;658;1110268;3;3;2022;2022-10-09;2022-10-09
846;274;1110387;2;3;2022;2022-10-09;2022-10-09
847;1025;1110216;2;3;2022;2022-10-09;2022-10-09
848;353;1110291;1;3;2022;2022-10-09;2022-10-09
849;336;1110313;1;3;2022;2022-10-09;2022-10-09
850;893;1110249;2;3;2022;2022-10-09;2022-10-09
851;536;1110282;1;3;2022;2022-10-09;2022-10-09
852;310;1110350;1;3;2022;2022-10-09;2022-10-09
853;1086;1110261;3;3;2022;2022-10-09;2022-10-09
854;1139;1110211;2;3;2022;2022-10-09;2022-10-09
855;306;1110235;1;3;2022;2022-10-09;2022-10-09
856;394;1110225;2;3;2022;2022-10-09;2022-10-09
857;1049;1110395;1;3;2022;2022-10-09;2022-10-09
858;1107;1110249;1;3;2022;2022-10-09;2022-10-09
859;431;1110230;2;3;2022;2022-10-09;2022-10-09
860;991;1110205;2;3;2022;2022-10-09;2022-10-09
861;218;1110383;1;3;2022;2022-10-09;2022-10-09
862;683;1110223;4;3;2022;2022-10-09;2022-10-09
863;285;1110255;2;3;2022;2022-10-09;2022-10-09
864;761;1110243;1;3;2022;2022-10-09;2022-10-09
865;895;1110265;2;3;2022;2022-10-09;2022-10-09
866;242;1110367;2;3;2022;2022-10-09;2022-10-09
867;101;1110303;2;3;2022;2022-10-09;2022-10-09
868;688;1110403;2;3;2022;2022-10-09;2022-10-09
869;900;1110214;1;3;2022;2022-10-09;2022-10-09
870;605;1110392;4;3;2022;2022-10-09;2022-10-09
871;1132;1110372;4;3;2022;2022-10-09;2022-10-09
872;677;1110397;2;3;2022;2022-10-09;2022-10-09
873;173;1110400;2;3;2022;2022-10-09;2022-10-09
874;1146;1110300;3;3;2022;2022-10-09;2022-10-09
875;302;1110274;1;3;2022;2022-10-09;2022-10-09
876;872;1110291;2;3;2022;2022-10-09;2022-10-09
877;454;1110230;1;3;2022;2022-10-09;2022-10-09
878;279;1110238;1;3;2022;2022-10-09;2022-10-09
879;104;1110231;1;3;2022;2022-10-09;2022-10-09
880;747;1110329;2;3;2022;2022-10-09;2022-10-09
881;630;1110404;2;3;2022;2022-10-09;2022-10-09
882;730;1110217;1;3;2022;2022-10-09;2022-10-09
883;809;1110381;1;3;2022;2022-10-09;2022-10-09
884;850;1110366;1;3;2022;2022-10-09;2022-10-09
885;1139;1110273;3;3;2022;2022-10-09;2022-10-09
886;699;1110289;3;3;2022;2022-10-09;2022-10-09
887;637;1110306;2;3;2022;2022-10-09;2022-10-09
888;983;1110327;1;3;2022;2022-10-09;2022-10-09
889;48;1110312;1;3;2022;2022-10-09;2022-10-09
890;597;1110289;2;3;2022;2022-10-09;2022-10-09
891;426;1110235;4;3;2022;2022-10-09;2022-10-09
892;892;1110236;1;3;2022;2022-10-09;2022-10-09
893;1212;1110346;3;3;2022;2022-10-09;2022-10-09
894;247;1110325;1;3;2022;2022-10-09;2022-10-09
895;624;1110274;1;3;2022;2022-10-09;2022-10-09
896;99;1110247;4;3;2022;2022-10-09;2022-10-09
897;448;1110276;1;3;2022;2022-10-09;2022-10-09
898;1117;1110352;2;3;2022;2022-10-09;2022-10-09
899;46;1110207;1;3;2022;2022-10-09;2022-10-09
900;75;1110249;1;3;2022;2022-10-09;2022-10-09
901;653;1110371;3;3;2022;2022-10-09;2022-10-09
902;949;1110288;1;3;2022;2022-10-09;2022-10-09
903;1154;1110335;1;3;2022;2022-10-09;2022-10-09
904;1032;1110212;1;3;2022;2022-10-09;2022-10-09
905;136;1110266;3;3;2022;2022-10-09;2022-10-09
906;151;1110255;1;3;2022;2022-10-09;2022-10-09
907;1215;1110394;1;3;2022;2022-10-09;2022-10-09
908;163;1110309;2;3;2022;2022-10-09;2022-10-09
909;629;1110276;1;3;2022;2022-10-09;2022-10-09
910;706;1110355;1;3;2022;2022-10-09;2022-10-09
911;417;1110235;1;3;2022;2022-10-09;2022-10-09
912;179;1110305;1;3;2022;2022-10-09;2022-10-09
913;475;1110294;2;3;2022;2022-10-09;2022-10-09
914;467;1110248;3;3;2022;2022-10-09;2022-10-09
915;1204;1110298;1;3;2022;2022-10-09;2022-10-09
916;1191;1110275;3;3;2022;2022-10-09;2022-10-09
917;323;1110353;3;3;2022;2022-10-09;2022-10-09
918;371;1110250;1;3;2022;2022-10-09;2022-10-09
919;17;1110218;1;3;2022;2022-10-09;2022-10-09
920;966;1110260;3;3;2022;2022-10-09;2022-10-09
921;302;1110266;2;3;2022;2022-10-09;2022-10-09
922;741;1110288;1;3;2022;2022-10-09;2022-10-09
923;233;1110219;1;3;2022;2022-10-09;2022-10-09
924;1106;1110373;3;3;2022;2022-10-09;2022-10-09
925;136;1110397;4;3;2022;2022-10-09;2022-10-09
926;162;1110298;2;3;2022;2022-10-09;2022-10-09
927;605;1110255;5;3;2022;2022-10-09;2022-10-09
928;440;1110344;1;3;2022;2022-10-09;2022-10-09
929;910;1110271;3;3;2022;2022-10-09;2022-10-09
930;776;1110364;2;3;2022;2022-10-09;2022-10-09
931;512;1110292;2;3;2022;2022-10-09;2022-10-09
932;925;1110270;2;3;2022;2022-10-09;2022-10-09
933;666;1110335;3;3;2022;2022-10-09;2022-10-09
934;309;1110375;1;3;2022;2022-10-09;2022-10-09
935;917;1110206;1;3;2022;2022-10-09;2022-10-09
936;685;1110338;1;3;2022;2022-10-09;2022-10-09
937;14;1110292;2;3;2022;2022-10-09;2022-10-09
938;654;1110220;1;3;2022;2022-10-09;2022-10-09
939;474;1110396;1;3;2022;2022-10-09;2022-10-09
940;840;1110290;3;3;2022;2022-10-09;2022-10-09
941;804;1110393;3;3;2022;2022-10-09;2022-10-09
942;181;1110292;2;3;2022;2022-10-09;2022-10-09
943;602;1110260;1;3;2022;2022-10-09;2022-10-09
944;796;1110371;2;3;2022;2022-10-09;2022-10-09
945;871;1110391;3;3;2022;2022-10-09;2022-10-09
946;201;1110400;1;3;2022;2022-10-09;2022-10-09
947;652;1110288;2;3;2022;2022-10-09;2022-10-09
948;205;1110271;2;3;2022;2022-10-09;2022-10-09
949;363;1110351;1;3;2022;2022-10-09;2022-10-09
950;649;1110339;1;3;2022;2022-10-09;2022-10-09
951;717;1110243;2;3;2022;2022-10-09;2022-10-09
952;90;1110241;1;3;2022;2022-10-09;2022-10-09
953;54;1110255;3;3;2022;2022-10-09;2022-10-09
954;141;1110349;1;3;2022;2022-10-09;2022-10-09
955;428;1110293;1;3;2022;2022-10-09;2022-10-09
956;617;1110389;3;3;2022;2022-10-09;2022-10-09
957;473;1110284;3;3;2022;2022-10-09;2022-10-09
958;1094;1110324;2;3;2022;2022-10-09;2022-10-09
959;1176;1110359;2;3;2022;2022-10-09;2022-10-09
960;58;1110252;2;3;2022;2022-10-09;2022-10-09
961;649;1110348;2;3;2022;2022-10-09;2022-10-09
962;818;1110375;2;3;2022;2022-10-09;2022-10-09
963;146;1110229;2;3;2022;2022-10-09;2022-10-09
964;37;1110302;2;3;2022;2022-10-09;2022-10-09
965;272;1110360;1;3;2022;2022-10-09;2022-10-09
966;414;1110330;1;3;2022;2022-10-09;2022-10-09
967;943;1110373;2;3;2022;2022-10-09;2022-10-09
968;927;1110367;3;3;2022;2022-10-09;2022-10-09
969;1009;1110305;1;3;2022;2022-10-09;2022-10-09
970;389;1110293;2;3;2022;2022-10-09;2022-10-09
971;1089;1110365;3;3;2022;2022-10-09;2022-10-09
972;862;1110362;1;3;2022;2022-10-09;2022-10-09
973;543;1110318;1;3;2022;2022-10-09;2022-10-09
974;846;1110404;3;3;2022;2022-10-09;2022-10-09
975;373;1110324;1;3;2022;2022-10-09;2022-10-09
976;293;1110220;1;3;2022;2022-10-09;2022-10-09
977;431;1110389;3;3;2022;2022-10-09;2022-10-09
978;748;1110255;1;3;2022;2022-10-09;2022-10-09
979;744;1110405;3;3;2022;2022-10-09;2022-10-09
980;1019;1110274;2;3;2022;2022-10-09;2022-10-09
981;980;1110308;2;3;2022;2022-10-09;2022-10-09
982;299;1110211;1;3;2022;2022-10-09;2022-10-09
983;665;1110239;2;3;2022;2022-10-09;2022-10-09
984;1067;1110217;2;3;2022;2022-10-09;2022-10-09
985;693;1110367;1;3;2022;2022-10-09;2022-10-09
986;308;1110321;1;3;2022;2022-10-09;2022-10-09
987;517;1110226;1;3;2022;2022-10-09;2022-10-09
988;1111;1110318;2;3;2022;2022-10-09;2022-10-09
989;622;1110246;1;3;2022;2022-10-09;2022-10-09
990;1098;1110315;1;3;2022;2022-10-09;2022-10-09
991;969;1110395;2;3;2022;2022-10-09;2022-10-09
992;914;1110256;1;3;2022;2022-10-09;2022-10-09
993;365;1110320;1;3;2022;2022-10-09;2022-10-09
994;355;1110344;2;3;2022;2022-10-09;2022-10-09
995;504;1110216;1;3;2022;2022-10-09;2022-10-09
996;990;1110402;2;3;2022;2022-10-09;2022-10-09
997;1173;1110261;3;3;2022;2022-10-09;2022-10-09
998;382;1110343;1;3;2022;2022-10-09;2022-10-09
999;71;1110274;2;3;2022;2022-10-09;2022-10-09
1000;356;1110309;2;3;2022;2022-10-09;2022-10-09
1001;144;1110261;2;3;2022;2022-10-09;2022-10-09
1002;7;1110287;1;3;2022;2022-10-09;2022-10-09
1003;161;1110220;2;3;2022;2022-10-09;2022-10-09
1004;47;1110363;3;3;2022;2022-10-09;2022-10-09
1005;567;1110393;2;3;2022;2022-10-09;2022-10-09
1006;646;1110211;2;3;2022;2022-10-09;2022-10-09
1007;956;1110338;2;3;2022;2022-10-09;2022-10-09
1008;912;1110279;1;3;2022;2022-10-09;2022-10-09
1009;741;1110358;2;3;2022;2022-10-09;2022-10-09
1010;18;1110241;2;3;2022;2022-10-09;2022-10-09
1011;927;1110372;4;3;2022;2022-10-09;2022-10-09
1012;986;1110402;3;3;2022;2022-10-09;2022-10-09
1013;590;1110241;2;3;2022;2022-10-09;2022-10-09
1014;600;1110338;1;3;2022;2022-10-09;2022-10-09
1015;363;1110203;2;3;2022;2022-10-09;2022-10-09
1016;785;1110299;3;3;2022;2022-10-09;2022-10-09
1017;910;1110264;4;3;2022;2022-10-09;2022-10-09
1018;715;1110308;3;3;2022;2022-10-09;2022-10-09
1019;1101;1110301;2;3;2022;2022-10-09;2022-10-09
1020;2;1110224;1;3;2022;2022-10-09;2022-10-09
1021;1142;1110240;1;3;2022;2022-10-09;2022-10-09
1022;1045;1110263;1;3;2022;2022-10-09;2022-10-09
1023;1067;1110291;3;3;2022;2022-10-09;2022-10-09
1024;130;1110236;1;3;2022;2022-10-09;2022-10-09
1025;1072;1110253;1;3;2022;2022-10-09;2022-10-09
1026;245;1110217;1;3;2022;2022-10-09;2022-10-09
1027;984;1110386;1;3;2022;2022-10-09;2022-10-09
1028;342;1110375;1;3;2022;2022-10-09;2022-10-09
1029;790;1110379;1;3;2022;2022-10-09;2022-10-09
1030;1052;1110361;1;3;2022;2022-10-09;2022-10-09
1031;1170;1110289;3;3;2022;2022-10-09;2022-10-09
1032;1206;1110325;2;3;2022;2022-10-09;2022-10-09
1033;402;1110316;1;3;2022;2022-10-09;2022-10-09
1034;391;1110315;2;3;2022;2022-10-09;2022-10-09
1035;1219;1110336;3;3;2022;2022-10-09;2022-10-09
1036;201;1110399;2;3;2022;2022-10-09;2022-10-09
1037;1194;1110393;1;3;2022;2022-10-09;2022-10-09
1038;389;1110229;3;3;2022;2022-10-09;2022-10-09
1039;261;1110306;2;3;2022;2022-10-09;2022-10-09
1040;1112;1110371;1;3;2022;2022-10-09;2022-10-09
1041;109;1110374;1;3;2022;2022-10-09;2022-10-09
1042;845;1110302;1;3;2022;2022-10-09;2022-10-09
1043;193;1110318;3;3;2022;2022-10-09;2022-10-09
1044;947;1110225;1;3;2022;2022-10-09;2022-10-09
1045;92;1110268;1;3;2022;2022-10-09;2022-10-09
1046;1216;1110208;1;3;2022;2022-10-09;2022-10-09
1047;292;1110232;1;3;2022;2022-10-09;2022-10-09
1048;275;1110362;1;3;2022;2022-10-09;2022-10-09
1049;901;1110278;1;3;2022;2022-10-09;2022-10-09
