1;1;4;14;16;2022-10-09;2022-10-09
2;2;3;10;13;2022-10-09;2022-10-09
3;3;6;7;9;2022-10-09;2022-10-09
4;3;4;7;9;2022-10-09;2022-10-09
5;4;5;18;20;2022-10-09;2022-10-09
6;4;3;18;20;2022-10-09;2022-10-09
7;5;1;16;19;2022-10-09;2022-10-09
8;6;4;8;10;2022-10-09;2022-10-09
9;6;6;8;10;2022-10-09;2022-10-09
10;7;6;14;16;2022-10-09;2022-10-09
11;7;4;14;16;2022-10-09;2022-10-09
12;8;1;19;21;2022-10-09;2022-10-09
13;9;2;10;13;2022-10-09;2022-10-09
14;10;3;9;11;2022-10-09;2022-10-09
15;11;6;8;10;2022-10-09;2022-10-09
16;11;4;8;10;2022-10-09;2022-10-09
17;12;4;18;19;2022-10-09;2022-10-09
18;13;6;9;10;2022-10-09;2022-10-09
19;14;2;8;9;2022-10-09;2022-10-09
20;15;5;14;16;2022-10-09;2022-10-09
21;16;1;9;10;2022-10-09;2022-10-09
22;17;6;10;12;2022-10-09;2022-10-09
23;17;4;10;12;2022-10-09;2022-10-09
24;18;1;17;19;2022-10-09;2022-10-09
25;18;3;17;19;2022-10-09;2022-10-09
26;19;4;10;12;2022-10-09;2022-10-09
27;20;2;16;18;2022-10-09;2022-10-09
28;21;1;17;19;2022-10-09;2022-10-09
29;21;3;17;19;2022-10-09;2022-10-09
30;22;3;15;17;2022-10-09;2022-10-09
31;22;5;15;17;2022-10-09;2022-10-09
32;23;3;17;19;2022-10-09;2022-10-09
33;24;6;14;17;2022-10-09;2022-10-09
34;25;6;16;17;2022-10-09;2022-10-09
35;26;6;16;19;2022-10-09;2022-10-09
36;27;5;11;13;2022-10-09;2022-10-09
37;27;3;11;13;2022-10-09;2022-10-09
38;28;3;18;21;2022-10-09;2022-10-09
39;29;5;18;20;2022-10-09;2022-10-09
40;29;3;18;20;2022-10-09;2022-10-09
41;30;3;7;10;2022-10-09;2022-10-09
42;31;5;17;19;2022-10-09;2022-10-09
43;31;3;17;19;2022-10-09;2022-10-09
44;32;4;14;16;2022-10-09;2022-10-09
45;33;4;14;15;2022-10-09;2022-10-09
46;34;2;16;18;2022-10-09;2022-10-09
47;34;4;16;18;2022-10-09;2022-10-09
48;35;3;14;16;2022-10-09;2022-10-09
49;35;5;14;16;2022-10-09;2022-10-09
50;36;4;11;12;2022-10-09;2022-10-09
51;37;1;11;14;2022-10-09;2022-10-09
52;38;4;8;10;2022-10-09;2022-10-09
53;39;3;15;16;2022-10-09;2022-10-09
54;40;1;17;18;2022-10-09;2022-10-09
55;41;4;16;18;2022-10-09;2022-10-09
56;42;1;16;17;2022-10-09;2022-10-09
57;43;4;17;19;2022-10-09;2022-10-09
58;43;6;17;19;2022-10-09;2022-10-09
59;44;1;11;13;2022-10-09;2022-10-09
60;44;3;11;13;2022-10-09;2022-10-09
61;45;6;9;12;2022-10-09;2022-10-09
62;46;2;19;20;2022-10-09;2022-10-09
63;47;5;19;22;2022-10-09;2022-10-09
64;48;3;9;10;2022-10-09;2022-10-09
65;49;2;18;19;2022-10-09;2022-10-09
66;50;3;8;10;2022-10-09;2022-10-09
67;50;5;8;10;2022-10-09;2022-10-09
68;51;4;8;10;2022-10-09;2022-10-09
69;52;6;16;17;2022-10-09;2022-10-09
70;53;6;7;9;2022-10-09;2022-10-09
71;54;4;18;19;2022-10-09;2022-10-09
72;55;2;16;19;2022-10-09;2022-10-09
73;56;3;7;8;2022-10-09;2022-10-09
74;57;2;7;8;2022-10-09;2022-10-09
75;58;6;8;10;2022-10-09;2022-10-09
76;59;3;20;22;2022-10-09;2022-10-09
77;59;5;20;22;2022-10-09;2022-10-09
78;60;6;15;17;2022-10-09;2022-10-09
79;60;4;15;17;2022-10-09;2022-10-09
80;61;3;17;19;2022-10-09;2022-10-09
81;61;5;17;19;2022-10-09;2022-10-09
82;62;5;18;20;2022-10-09;2022-10-09
83;63;5;10;13;2022-10-09;2022-10-09
84;64;5;7;10;2022-10-09;2022-10-09
85;65;2;10;13;2022-10-09;2022-10-09
86;66;2;18;21;2022-10-09;2022-10-09
87;67;3;7;9;2022-10-09;2022-10-09
88;68;4;8;10;2022-10-09;2022-10-09
89;69;2;20;21;2022-10-09;2022-10-09
90;70;5;19;20;2022-10-09;2022-10-09
91;71;5;15;16;2022-10-09;2022-10-09
92;72;1;20;22;2022-10-09;2022-10-09
93;73;5;17;20;2022-10-09;2022-10-09
94;74;3;8;10;2022-10-09;2022-10-09
95;75;4;8;10;2022-10-09;2022-10-09
96;76;3;14;16;2022-10-09;2022-10-09
97;76;5;14;16;2022-10-09;2022-10-09
98;77;4;10;12;2022-10-09;2022-10-09
99;77;6;10;12;2022-10-09;2022-10-09
100;78;5;17;19;2022-10-09;2022-10-09
101;79;1;11;13;2022-10-09;2022-10-09
102;80;1;19;20;2022-10-09;2022-10-09
103;81;5;19;20;2022-10-09;2022-10-09
104;82;5;8;10;2022-10-09;2022-10-09
105;82;3;8;10;2022-10-09;2022-10-09
106;83;3;17;18;2022-10-09;2022-10-09
107;84;2;11;14;2022-10-09;2022-10-09
108;85;2;9;11;2022-10-09;2022-10-09
109;85;4;9;11;2022-10-09;2022-10-09
110;86;5;17;18;2022-10-09;2022-10-09
111;87;2;18;20;2022-10-09;2022-10-09
112;88;3;20;23;2022-10-09;2022-10-09
113;89;3;10;13;2022-10-09;2022-10-09
114;90;3;17;19;2022-10-09;2022-10-09
115;91;2;15;17;2022-10-09;2022-10-09
116;92;2;7;9;2022-10-09;2022-10-09
117;92;4;7;9;2022-10-09;2022-10-09
118;93;5;9;10;2022-10-09;2022-10-09
119;94;6;14;17;2022-10-09;2022-10-09
120;95;4;20;22;2022-10-09;2022-10-09
121;96;4;11;13;2022-10-09;2022-10-09
122;97;4;16;17;2022-10-09;2022-10-09
123;98;3;11;13;2022-10-09;2022-10-09
124;99;1;20;21;2022-10-09;2022-10-09
125;100;6;15;16;2022-10-09;2022-10-09
126;101;2;16;18;2022-10-09;2022-10-09
127;101;4;16;18;2022-10-09;2022-10-09
128;102;3;8;11;2022-10-09;2022-10-09
129;103;2;15;16;2022-10-09;2022-10-09
130;104;3;15;16;2022-10-09;2022-10-09
131;105;3;7;8;2022-10-09;2022-10-09
132;106;2;8;10;2022-10-09;2022-10-09
133;107;3;8;10;2022-10-09;2022-10-09
134;107;5;8;10;2022-10-09;2022-10-09
135;108;6;8;10;2022-10-09;2022-10-09
136;109;6;9;10;2022-10-09;2022-10-09
137;110;3;8;9;2022-10-09;2022-10-09
138;111;4;8;10;2022-10-09;2022-10-09
139;112;4;17;19;2022-10-09;2022-10-09
140;113;4;14;17;2022-10-09;2022-10-09
141;114;4;10;13;2022-10-09;2022-10-09
142;115;1;19;20;2022-10-09;2022-10-09
143;116;1;17;19;2022-10-09;2022-10-09
144;116;3;17;19;2022-10-09;2022-10-09
145;117;5;18;19;2022-10-09;2022-10-09
146;118;6;8;10;2022-10-09;2022-10-09
147;118;4;8;10;2022-10-09;2022-10-09
148;119;4;9;11;2022-10-09;2022-10-09
149;119;6;9;11;2022-10-09;2022-10-09
150;120;1;15;17;2022-10-09;2022-10-09
151;120;3;15;17;2022-10-09;2022-10-09
152;121;6;16;17;2022-10-09;2022-10-09
153;122;4;18;20;2022-10-09;2022-10-09
154;122;6;18;20;2022-10-09;2022-10-09
155;123;2;19;21;2022-10-09;2022-10-09
156;123;4;19;21;2022-10-09;2022-10-09
157;124;1;8;9;2022-10-09;2022-10-09
158;125;3;9;12;2022-10-09;2022-10-09
159;126;3;20;21;2022-10-09;2022-10-09
160;127;2;15;16;2022-10-09;2022-10-09
161;128;6;15;17;2022-10-09;2022-10-09
162;129;2;18;19;2022-10-09;2022-10-09
163;130;3;11;13;2022-10-09;2022-10-09
164;130;5;11;13;2022-10-09;2022-10-09
165;131;6;14;15;2022-10-09;2022-10-09
166;132;3;15;17;2022-10-09;2022-10-09
167;132;5;15;17;2022-10-09;2022-10-09
168;133;3;17;19;2022-10-09;2022-10-09
169;133;5;17;19;2022-10-09;2022-10-09
170;134;5;7;10;2022-10-09;2022-10-09
171;135;6;14;16;2022-10-09;2022-10-09
172;136;6;14;16;2022-10-09;2022-10-09
173;137;1;7;9;2022-10-09;2022-10-09
174;137;3;7;9;2022-10-09;2022-10-09
175;138;6;14;16;2022-10-09;2022-10-09
176;139;4;8;9;2022-10-09;2022-10-09
177;140;3;7;9;2022-10-09;2022-10-09
178;141;3;16;18;2022-10-09;2022-10-09
179;141;5;16;18;2022-10-09;2022-10-09
180;142;5;8;11;2022-10-09;2022-10-09
181;143;5;7;9;2022-10-09;2022-10-09
182;144;6;10;12;2022-10-09;2022-10-09
183;145;2;11;12;2022-10-09;2022-10-09
184;146;1;16;19;2022-10-09;2022-10-09
185;147;5;7;10;2022-10-09;2022-10-09
186;148;6;11;14;2022-10-09;2022-10-09
187;149;3;7;8;2022-10-09;2022-10-09
188;150;3;15;16;2022-10-09;2022-10-09
189;151;6;10;12;2022-10-09;2022-10-09
190;152;3;7;9;2022-10-09;2022-10-09
191;152;5;7;9;2022-10-09;2022-10-09
192;153;1;7;9;2022-10-09;2022-10-09
193;154;5;18;20;2022-10-09;2022-10-09
194;155;4;18;19;2022-10-09;2022-10-09
195;156;1;10;12;2022-10-09;2022-10-09
196;157;5;19;21;2022-10-09;2022-10-09
197;157;3;19;21;2022-10-09;2022-10-09
198;158;2;19;21;2022-10-09;2022-10-09
199;159;5;17;18;2022-10-09;2022-10-09
200;160;6;16;19;2022-10-09;2022-10-09
201;161;5;19;21;2022-10-09;2022-10-09
202;161;3;19;21;2022-10-09;2022-10-09
203;162;4;7;9;2022-10-09;2022-10-09
204;162;6;7;9;2022-10-09;2022-10-09
205;163;1;20;22;2022-10-09;2022-10-09
206;164;4;10;12;2022-10-09;2022-10-09
207;164;6;10;12;2022-10-09;2022-10-09
208;165;2;16;17;2022-10-09;2022-10-09
209;166;4;11;12;2022-10-09;2022-10-09
210;167;6;15;18;2022-10-09;2022-10-09
211;168;4;11;13;2022-10-09;2022-10-09
212;168;6;11;13;2022-10-09;2022-10-09
213;169;5;9;10;2022-10-09;2022-10-09
214;170;1;10;13;2022-10-09;2022-10-09
215;171;3;10;13;2022-10-09;2022-10-09
216;172;3;18;20;2022-10-09;2022-10-09
217;172;5;18;20;2022-10-09;2022-10-09
218;173;1;20;22;2022-10-09;2022-10-09
219;173;3;20;22;2022-10-09;2022-10-09
220;174;2;7;9;2022-10-09;2022-10-09
221;175;6;16;18;2022-10-09;2022-10-09
222;175;4;16;18;2022-10-09;2022-10-09
223;176;3;9;12;2022-10-09;2022-10-09
224;177;6;11;14;2022-10-09;2022-10-09
225;178;4;20;22;2022-10-09;2022-10-09
226;178;6;20;22;2022-10-09;2022-10-09
227;179;6;10;12;2022-10-09;2022-10-09
228;180;5;16;19;2022-10-09;2022-10-09
229;181;1;7;9;2022-10-09;2022-10-09
230;182;5;9;10;2022-10-09;2022-10-09
231;183;1;7;9;2022-10-09;2022-10-09
232;184;4;7;9;2022-10-09;2022-10-09
233;184;6;7;9;2022-10-09;2022-10-09
234;185;1;17;19;2022-10-09;2022-10-09
235;185;3;17;19;2022-10-09;2022-10-09
236;186;4;17;18;2022-10-09;2022-10-09
237;187;6;11;14;2022-10-09;2022-10-09
238;188;3;11;12;2022-10-09;2022-10-09
239;189;2;20;22;2022-10-09;2022-10-09
240;189;4;20;22;2022-10-09;2022-10-09
241;190;6;16;18;2022-10-09;2022-10-09
242;191;1;9;11;2022-10-09;2022-10-09
243;192;6;10;12;2022-10-09;2022-10-09
244;192;4;10;12;2022-10-09;2022-10-09
245;193;1;14;17;2022-10-09;2022-10-09
246;194;6;15;17;2022-10-09;2022-10-09
247;194;4;15;17;2022-10-09;2022-10-09
248;195;6;10;13;2022-10-09;2022-10-09
249;196;3;19;21;2022-10-09;2022-10-09
250;196;5;19;21;2022-10-09;2022-10-09
251;197;4;16;18;2022-10-09;2022-10-09
252;198;2;10;12;2022-10-09;2022-10-09
253;199;2;16;19;2022-10-09;2022-10-09
254;200;4;11;12;2022-10-09;2022-10-09
255;201;1;18;21;2022-10-09;2022-10-09
256;202;3;8;10;2022-10-09;2022-10-09
257;203;4;7;9;2022-10-09;2022-10-09
258;203;6;7;9;2022-10-09;2022-10-09
259;204;5;11;14;2022-10-09;2022-10-09
260;205;3;11;13;2022-10-09;2022-10-09
261;206;5;11;13;2022-10-09;2022-10-09
262;206;3;11;13;2022-10-09;2022-10-09
263;207;2;17;18;2022-10-09;2022-10-09
264;208;2;19;21;2022-10-09;2022-10-09
265;208;4;19;21;2022-10-09;2022-10-09
266;209;5;18;19;2022-10-09;2022-10-09
267;210;3;9;10;2022-10-09;2022-10-09
268;211;5;9;10;2022-10-09;2022-10-09
269;212;2;15;16;2022-10-09;2022-10-09
270;213;2;15;18;2022-10-09;2022-10-09
271;214;5;11;13;2022-10-09;2022-10-09
272;215;2;17;19;2022-10-09;2022-10-09
273;216;4;11;12;2022-10-09;2022-10-09
274;217;4;11;12;2022-10-09;2022-10-09
275;218;6;16;19;2022-10-09;2022-10-09
276;219;4;20;21;2022-10-09;2022-10-09
277;220;1;11;12;2022-10-09;2022-10-09
278;221;3;19;22;2022-10-09;2022-10-09
279;222;6;15;18;2022-10-09;2022-10-09
280;223;1;18;20;2022-10-09;2022-10-09
281;223;3;18;20;2022-10-09;2022-10-09
282;224;2;19;22;2022-10-09;2022-10-09
283;225;6;15;17;2022-10-09;2022-10-09
284;225;4;15;17;2022-10-09;2022-10-09
285;226;6;14;16;2022-10-09;2022-10-09
286;227;6;16;18;2022-10-09;2022-10-09
287;228;4;11;12;2022-10-09;2022-10-09
288;229;4;9;12;2022-10-09;2022-10-09
289;230;1;16;19;2022-10-09;2022-10-09
290;231;3;11;12;2022-10-09;2022-10-09
291;232;2;8;9;2022-10-09;2022-10-09
292;233;3;11;13;2022-10-09;2022-10-09
293;234;3;7;8;2022-10-09;2022-10-09
294;235;4;9;11;2022-10-09;2022-10-09
295;236;3;19;21;2022-10-09;2022-10-09
296;236;5;19;21;2022-10-09;2022-10-09
297;237;1;10;12;2022-10-09;2022-10-09
298;237;3;10;12;2022-10-09;2022-10-09
299;238;2;20;22;2022-10-09;2022-10-09
300;238;4;20;22;2022-10-09;2022-10-09
301;239;2;18;21;2022-10-09;2022-10-09
302;240;5;7;10;2022-10-09;2022-10-09
303;241;5;16;17;2022-10-09;2022-10-09
304;242;1;19;22;2022-10-09;2022-10-09
305;243;1;7;10;2022-10-09;2022-10-09
306;244;2;19;21;2022-10-09;2022-10-09
307;244;4;19;21;2022-10-09;2022-10-09
308;245;4;11;13;2022-10-09;2022-10-09
309;245;6;11;13;2022-10-09;2022-10-09
310;246;4;15;17;2022-10-09;2022-10-09
311;247;6;16;19;2022-10-09;2022-10-09
312;248;4;14;15;2022-10-09;2022-10-09
313;249;4;16;19;2022-10-09;2022-10-09
314;250;4;10;11;2022-10-09;2022-10-09
315;251;2;17;19;2022-10-09;2022-10-09
316;252;6;15;18;2022-10-09;2022-10-09
317;253;1;15;17;2022-10-09;2022-10-09
318;254;2;11;12;2022-10-09;2022-10-09
319;255;2;9;12;2022-10-09;2022-10-09
320;256;3;7;8;2022-10-09;2022-10-09
321;257;4;15;18;2022-10-09;2022-10-09
322;258;2;7;8;2022-10-09;2022-10-09
323;259;6;9;12;2022-10-09;2022-10-09
324;260;6;7;10;2022-10-09;2022-10-09
325;261;5;18;20;2022-10-09;2022-10-09
326;261;3;18;20;2022-10-09;2022-10-09
327;262;6;16;18;2022-10-09;2022-10-09
328;262;4;16;18;2022-10-09;2022-10-09
329;263;3;9;11;2022-10-09;2022-10-09
330;264;2;9;11;2022-10-09;2022-10-09
331;265;3;8;10;2022-10-09;2022-10-09
332;266;2;11;12;2022-10-09;2022-10-09
333;267;6;15;16;2022-10-09;2022-10-09
334;268;6;9;10;2022-10-09;2022-10-09
335;269;4;9;10;2022-10-09;2022-10-09
336;270;2;18;20;2022-10-09;2022-10-09
337;270;4;18;20;2022-10-09;2022-10-09
338;271;1;20;21;2022-10-09;2022-10-09
339;272;6;15;17;2022-10-09;2022-10-09
340;272;4;15;17;2022-10-09;2022-10-09
341;273;4;17;20;2022-10-09;2022-10-09
342;274;2;11;13;2022-10-09;2022-10-09
343;274;4;11;13;2022-10-09;2022-10-09
344;275;2;8;10;2022-10-09;2022-10-09
345;276;4;14;16;2022-10-09;2022-10-09
346;276;6;14;16;2022-10-09;2022-10-09
347;277;2;14;15;2022-10-09;2022-10-09
348;278;6;8;9;2022-10-09;2022-10-09
349;279;2;7;9;2022-10-09;2022-10-09
350;279;4;7;9;2022-10-09;2022-10-09
351;280;3;19;20;2022-10-09;2022-10-09
352;281;5;20;22;2022-10-09;2022-10-09
353;281;3;20;22;2022-10-09;2022-10-09
354;282;5;9;11;2022-10-09;2022-10-09
355;282;3;9;11;2022-10-09;2022-10-09
356;283;4;19;20;2022-10-09;2022-10-09
357;284;3;19;21;2022-10-09;2022-10-09
358;285;2;18;19;2022-10-09;2022-10-09
359;286;4;11;14;2022-10-09;2022-10-09
360;287;1;18;20;2022-10-09;2022-10-09
361;288;1;17;19;2022-10-09;2022-10-09
362;288;3;17;19;2022-10-09;2022-10-09
363;289;4;11;14;2022-10-09;2022-10-09
364;290;1;10;13;2022-10-09;2022-10-09
365;291;6;11;14;2022-10-09;2022-10-09
366;292;3;19;22;2022-10-09;2022-10-09
367;293;6;15;16;2022-10-09;2022-10-09
368;294;1;7;8;2022-10-09;2022-10-09
369;295;6;15;17;2022-10-09;2022-10-09
370;295;4;15;17;2022-10-09;2022-10-09
371;296;5;14;16;2022-10-09;2022-10-09
372;296;3;14;16;2022-10-09;2022-10-09
373;297;2;9;10;2022-10-09;2022-10-09
374;298;4;19;20;2022-10-09;2022-10-09
375;299;6;7;9;2022-10-09;2022-10-09
376;300;5;16;18;2022-10-09;2022-10-09
377;301;1;11;12;2022-10-09;2022-10-09
378;302;1;14;17;2022-10-09;2022-10-09
379;303;5;17;19;2022-10-09;2022-10-09
380;304;5;20;21;2022-10-09;2022-10-09
381;305;3;10;11;2022-10-09;2022-10-09
382;306;6;15;16;2022-10-09;2022-10-09
383;307;4;7;10;2022-10-09;2022-10-09
384;308;5;14;16;2022-10-09;2022-10-09
385;308;3;14;16;2022-10-09;2022-10-09
386;309;5;14;17;2022-10-09;2022-10-09
387;310;6;11;12;2022-10-09;2022-10-09
388;311;4;8;10;2022-10-09;2022-10-09
389;311;6;8;10;2022-10-09;2022-10-09
390;312;1;8;10;2022-10-09;2022-10-09
391;313;4;15;16;2022-10-09;2022-10-09
392;314;2;18;19;2022-10-09;2022-10-09
393;315;1;10;12;2022-10-09;2022-10-09
394;315;3;10;12;2022-10-09;2022-10-09
395;316;4;19;20;2022-10-09;2022-10-09
396;317;3;15;17;2022-10-09;2022-10-09
397;318;2;10;11;2022-10-09;2022-10-09
398;319;6;9;11;2022-10-09;2022-10-09
399;319;4;9;11;2022-10-09;2022-10-09
400;320;4;14;17;2022-10-09;2022-10-09
401;321;5;20;22;2022-10-09;2022-10-09
402;322;6;9;11;2022-10-09;2022-10-09
403;322;4;9;11;2022-10-09;2022-10-09
404;323;3;9;11;2022-10-09;2022-10-09
405;323;5;9;11;2022-10-09;2022-10-09
406;324;4;8;10;2022-10-09;2022-10-09
407;324;6;8;10;2022-10-09;2022-10-09
408;325;2;16;19;2022-10-09;2022-10-09
409;326;4;14;16;2022-10-09;2022-10-09
410;326;6;14;16;2022-10-09;2022-10-09
411;327;3;11;13;2022-10-09;2022-10-09
412;327;5;11;13;2022-10-09;2022-10-09
413;328;4;7;10;2022-10-09;2022-10-09
414;329;1;9;11;2022-10-09;2022-10-09
415;330;1;19;20;2022-10-09;2022-10-09
416;331;5;16;18;2022-10-09;2022-10-09
417;331;3;16;18;2022-10-09;2022-10-09
418;332;5;9;12;2022-10-09;2022-10-09
419;333;2;14;16;2022-10-09;2022-10-09
420;333;4;14;16;2022-10-09;2022-10-09
421;334;4;9;11;2022-10-09;2022-10-09
422;335;4;9;11;2022-10-09;2022-10-09
423;336;1;8;9;2022-10-09;2022-10-09
424;337;1;16;19;2022-10-09;2022-10-09
425;338;2;9;11;2022-10-09;2022-10-09
426;338;4;9;11;2022-10-09;2022-10-09
427;339;3;20;21;2022-10-09;2022-10-09
428;340;5;18;21;2022-10-09;2022-10-09
429;341;2;9;11;2022-10-09;2022-10-09
430;341;4;9;11;2022-10-09;2022-10-09
431;342;6;15;17;2022-10-09;2022-10-09
432;342;4;15;17;2022-10-09;2022-10-09
433;343;6;11;14;2022-10-09;2022-10-09
434;344;3;8;10;2022-10-09;2022-10-09
435;344;5;8;10;2022-10-09;2022-10-09
436;345;6;11;12;2022-10-09;2022-10-09
437;346;3;8;9;2022-10-09;2022-10-09
438;347;6;11;13;2022-10-09;2022-10-09
439;348;4;20;22;2022-10-09;2022-10-09
440;348;6;20;22;2022-10-09;2022-10-09
441;349;3;9;11;2022-10-09;2022-10-09
442;349;5;9;11;2022-10-09;2022-10-09
443;350;6;9;10;2022-10-09;2022-10-09
444;351;4;11;13;2022-10-09;2022-10-09
445;351;6;11;13;2022-10-09;2022-10-09
446;352;1;10;11;2022-10-09;2022-10-09
447;353;1;16;19;2022-10-09;2022-10-09
448;354;3;9;11;2022-10-09;2022-10-09
449;355;4;15;18;2022-10-09;2022-10-09
450;356;1;11;13;2022-10-09;2022-10-09
451;357;1;10;13;2022-10-09;2022-10-09
452;358;2;15;16;2022-10-09;2022-10-09
453;359;5;20;22;2022-10-09;2022-10-09
454;359;3;20;22;2022-10-09;2022-10-09
455;360;2;9;11;2022-10-09;2022-10-09
456;361;3;15;17;2022-10-09;2022-10-09
457;361;5;15;17;2022-10-09;2022-10-09
458;362;4;20;23;2022-10-09;2022-10-09
459;363;3;19;21;2022-10-09;2022-10-09
460;363;5;19;21;2022-10-09;2022-10-09
461;364;1;9;11;2022-10-09;2022-10-09
462;364;3;9;11;2022-10-09;2022-10-09
463;365;1;19;22;2022-10-09;2022-10-09
464;366;6;9;10;2022-10-09;2022-10-09
465;367;3;8;11;2022-10-09;2022-10-09
466;368;2;16;17;2022-10-09;2022-10-09
467;369;4;18;19;2022-10-09;2022-10-09
468;370;3;20;22;2022-10-09;2022-10-09
469;371;3;15;16;2022-10-09;2022-10-09
470;372;2;15;17;2022-10-09;2022-10-09
471;373;1;8;10;2022-10-09;2022-10-09
472;373;3;8;10;2022-10-09;2022-10-09
473;374;6;16;19;2022-10-09;2022-10-09
474;375;1;16;18;2022-10-09;2022-10-09
475;375;3;16;18;2022-10-09;2022-10-09
476;376;1;14;15;2022-10-09;2022-10-09
477;377;2;17;19;2022-10-09;2022-10-09
478;377;4;17;19;2022-10-09;2022-10-09
479;378;6;14;15;2022-10-09;2022-10-09
480;379;4;11;14;2022-10-09;2022-10-09
481;380;1;10;11;2022-10-09;2022-10-09
482;381;4;11;13;2022-10-09;2022-10-09
483;381;6;11;13;2022-10-09;2022-10-09
484;382;1;19;22;2022-10-09;2022-10-09
485;383;2;7;9;2022-10-09;2022-10-09
486;383;4;7;9;2022-10-09;2022-10-09
487;384;2;19;22;2022-10-09;2022-10-09
488;385;1;9;11;2022-10-09;2022-10-09
489;385;3;9;11;2022-10-09;2022-10-09
490;386;2;18;21;2022-10-09;2022-10-09
491;387;4;18;19;2022-10-09;2022-10-09
492;388;2;14;15;2022-10-09;2022-10-09
493;389;6;14;15;2022-10-09;2022-10-09
494;390;6;10;11;2022-10-09;2022-10-09
495;391;2;11;14;2022-10-09;2022-10-09
496;392;3;17;19;2022-10-09;2022-10-09
497;392;5;17;19;2022-10-09;2022-10-09
498;393;3;9;10;2022-10-09;2022-10-09
499;394;6;14;16;2022-10-09;2022-10-09
500;394;4;14;16;2022-10-09;2022-10-09
501;395;3;18;20;2022-10-09;2022-10-09
502;395;5;18;20;2022-10-09;2022-10-09
503;396;1;11;12;2022-10-09;2022-10-09
504;397;6;16;18;2022-10-09;2022-10-09
505;398;4;7;10;2022-10-09;2022-10-09
506;399;1;20;22;2022-10-09;2022-10-09
507;399;3;20;22;2022-10-09;2022-10-09
508;400;6;11;12;2022-10-09;2022-10-09
509;401;5;16;18;2022-10-09;2022-10-09
510;402;5;11;14;2022-10-09;2022-10-09
511;403;5;8;10;2022-10-09;2022-10-09
512;403;3;8;10;2022-10-09;2022-10-09
513;404;1;16;18;2022-10-09;2022-10-09
514;404;3;16;18;2022-10-09;2022-10-09
515;405;4;11;13;2022-10-09;2022-10-09
516;405;6;11;13;2022-10-09;2022-10-09
517;406;3;17;20;2022-10-09;2022-10-09
518;407;3;16;18;2022-10-09;2022-10-09
519;408;5;7;9;2022-10-09;2022-10-09
520;409;6;9;10;2022-10-09;2022-10-09
521;410;5;7;10;2022-10-09;2022-10-09
522;411;4;19;21;2022-10-09;2022-10-09
523;411;6;19;21;2022-10-09;2022-10-09
524;412;2;19;21;2022-10-09;2022-10-09
525;412;4;19;21;2022-10-09;2022-10-09
526;413;4;17;20;2022-10-09;2022-10-09
527;414;4;20;22;2022-10-09;2022-10-09
528;414;6;20;22;2022-10-09;2022-10-09
529;415;3;18;19;2022-10-09;2022-10-09
530;416;1;18;20;2022-10-09;2022-10-09
531;416;3;18;20;2022-10-09;2022-10-09
532;417;3;9;12;2022-10-09;2022-10-09
533;418;6;16;19;2022-10-09;2022-10-09
534;419;6;16;18;2022-10-09;2022-10-09
535;419;4;16;18;2022-10-09;2022-10-09
536;420;1;18;21;2022-10-09;2022-10-09
537;421;3;8;10;2022-10-09;2022-10-09
538;421;5;8;10;2022-10-09;2022-10-09
539;422;6;10;12;2022-10-09;2022-10-09
540;422;4;10;12;2022-10-09;2022-10-09
541;423;6;14;16;2022-10-09;2022-10-09
542;423;4;14;16;2022-10-09;2022-10-09
543;424;5;16;19;2022-10-09;2022-10-09
544;425;5;16;18;2022-10-09;2022-10-09
545;425;3;16;18;2022-10-09;2022-10-09
546;426;3;11;12;2022-10-09;2022-10-09
547;427;2;14;16;2022-10-09;2022-10-09
548;428;1;15;16;2022-10-09;2022-10-09
549;429;6;11;12;2022-10-09;2022-10-09
550;430;6;16;18;2022-10-09;2022-10-09
551;431;4;9;11;2022-10-09;2022-10-09
552;432;6;8;10;2022-10-09;2022-10-09
553;432;4;8;10;2022-10-09;2022-10-09
554;433;4;14;17;2022-10-09;2022-10-09
555;434;1;8;11;2022-10-09;2022-10-09
556;435;5;10;11;2022-10-09;2022-10-09
557;436;6;9;10;2022-10-09;2022-10-09
558;437;3;18;20;2022-10-09;2022-10-09
559;438;6;15;18;2022-10-09;2022-10-09
560;439;1;7;9;2022-10-09;2022-10-09
561;439;3;7;9;2022-10-09;2022-10-09
562;440;5;19;20;2022-10-09;2022-10-09
563;441;5;10;13;2022-10-09;2022-10-09
564;442;2;14;16;2022-10-09;2022-10-09
565;443;6;7;8;2022-10-09;2022-10-09
566;444;3;20;21;2022-10-09;2022-10-09
567;445;4;14;17;2022-10-09;2022-10-09
568;446;5;7;8;2022-10-09;2022-10-09
569;447;3;10;12;2022-10-09;2022-10-09
570;447;5;10;12;2022-10-09;2022-10-09
571;448;6;15;17;2022-10-09;2022-10-09
572;449;5;16;17;2022-10-09;2022-10-09
573;450;1;10;12;2022-10-09;2022-10-09
574;450;3;10;12;2022-10-09;2022-10-09
575;451;1;9;11;2022-10-09;2022-10-09
576;451;3;9;11;2022-10-09;2022-10-09
577;452;3;19;20;2022-10-09;2022-10-09
578;453;1;7;9;2022-10-09;2022-10-09
579;454;6;8;9;2022-10-09;2022-10-09
580;455;4;14;16;2022-10-09;2022-10-09
581;456;5;16;17;2022-10-09;2022-10-09
582;457;5;9;11;2022-10-09;2022-10-09
583;458;4;14;15;2022-10-09;2022-10-09
584;459;2;9;11;2022-10-09;2022-10-09
585;460;3;10;13;2022-10-09;2022-10-09
586;461;3;16;19;2022-10-09;2022-10-09
587;462;3;10;12;2022-10-09;2022-10-09
588;463;5;8;9;2022-10-09;2022-10-09
589;464;5;7;9;2022-10-09;2022-10-09
590;465;3;7;9;2022-10-09;2022-10-09
591;465;5;7;9;2022-10-09;2022-10-09
592;466;2;9;10;2022-10-09;2022-10-09
593;467;5;8;10;2022-10-09;2022-10-09
594;467;3;8;10;2022-10-09;2022-10-09
595;468;4;8;10;2022-10-09;2022-10-09
596;469;4;10;13;2022-10-09;2022-10-09
597;470;5;11;12;2022-10-09;2022-10-09
598;471;6;8;10;2022-10-09;2022-10-09
599;472;3;8;9;2022-10-09;2022-10-09
600;473;3;11;13;2022-10-09;2022-10-09
601;473;5;11;13;2022-10-09;2022-10-09
602;474;2;9;11;2022-10-09;2022-10-09
603;474;4;9;11;2022-10-09;2022-10-09
604;475;4;11;13;2022-10-09;2022-10-09
605;475;6;11;13;2022-10-09;2022-10-09
606;476;3;20;21;2022-10-09;2022-10-09
607;477;6;10;11;2022-10-09;2022-10-09
608;478;2;10;13;2022-10-09;2022-10-09
609;479;3;11;13;2022-10-09;2022-10-09
610;479;5;11;13;2022-10-09;2022-10-09
611;480;2;14;17;2022-10-09;2022-10-09
612;481;1;16;18;2022-10-09;2022-10-09
613;481;3;16;18;2022-10-09;2022-10-09
614;482;6;14;17;2022-10-09;2022-10-09
615;483;1;7;9;2022-10-09;2022-10-09
616;484;6;15;17;2022-10-09;2022-10-09
617;484;4;15;17;2022-10-09;2022-10-09
618;485;6;9;12;2022-10-09;2022-10-09
619;486;2;8;10;2022-10-09;2022-10-09
620;486;4;8;10;2022-10-09;2022-10-09
621;487;4;17;20;2022-10-09;2022-10-09
622;488;6;16;18;2022-10-09;2022-10-09
623;489;4;18;20;2022-10-09;2022-10-09
624;490;3;20;21;2022-10-09;2022-10-09
625;491;4;7;9;2022-10-09;2022-10-09
626;492;5;19;22;2022-10-09;2022-10-09
627;493;4;7;10;2022-10-09;2022-10-09
628;494;4;8;11;2022-10-09;2022-10-09
629;495;1;16;19;2022-10-09;2022-10-09
630;496;1;9;12;2022-10-09;2022-10-09
631;497;5;9;12;2022-10-09;2022-10-09
632;498;5;18;20;2022-10-09;2022-10-09
633;499;6;9;11;2022-10-09;2022-10-09
634;500;3;10;12;2022-10-09;2022-10-09
635;501;3;19;21;2022-10-09;2022-10-09
636;502;2;10;12;2022-10-09;2022-10-09
637;502;4;10;12;2022-10-09;2022-10-09
638;503;5;18;20;2022-10-09;2022-10-09
639;504;3;9;12;2022-10-09;2022-10-09
640;505;1;9;11;2022-10-09;2022-10-09
641;506;3;11;13;2022-10-09;2022-10-09
642;507;3;16;18;2022-10-09;2022-10-09
643;507;5;16;18;2022-10-09;2022-10-09
644;508;5;19;22;2022-10-09;2022-10-09
645;509;5;7;8;2022-10-09;2022-10-09
646;510;1;9;11;2022-10-09;2022-10-09
647;511;5;14;17;2022-10-09;2022-10-09
648;512;4;10;12;2022-10-09;2022-10-09
649;513;2;10;13;2022-10-09;2022-10-09
650;514;6;14;17;2022-10-09;2022-10-09
651;515;1;11;14;2022-10-09;2022-10-09
652;516;3;10;12;2022-10-09;2022-10-09
653;516;5;10;12;2022-10-09;2022-10-09
654;517;5;8;10;2022-10-09;2022-10-09
655;517;3;8;10;2022-10-09;2022-10-09
656;518;4;18;19;2022-10-09;2022-10-09
657;519;6;16;18;2022-10-09;2022-10-09
658;519;4;16;18;2022-10-09;2022-10-09
659;520;2;18;19;2022-10-09;2022-10-09
660;521;6;15;18;2022-10-09;2022-10-09
661;522;3;18;20;2022-10-09;2022-10-09
662;522;5;18;20;2022-10-09;2022-10-09
663;523;3;14;15;2022-10-09;2022-10-09
664;524;2;20;22;2022-10-09;2022-10-09
665;524;4;20;22;2022-10-09;2022-10-09
666;525;2;14;15;2022-10-09;2022-10-09
667;526;4;17;19;2022-10-09;2022-10-09
668;527;2;15;17;2022-10-09;2022-10-09
669;527;4;15;17;2022-10-09;2022-10-09
670;528;5;20;22;2022-10-09;2022-10-09
671;528;3;20;22;2022-10-09;2022-10-09
672;529;6;10;13;2022-10-09;2022-10-09
673;530;4;14;16;2022-10-09;2022-10-09
674;531;5;19;21;2022-10-09;2022-10-09
675;531;3;19;21;2022-10-09;2022-10-09
676;532;5;17;18;2022-10-09;2022-10-09
677;533;6;8;9;2022-10-09;2022-10-09
678;534;3;14;16;2022-10-09;2022-10-09
679;534;5;14;16;2022-10-09;2022-10-09
680;535;1;8;11;2022-10-09;2022-10-09
681;536;2;16;18;2022-10-09;2022-10-09
682;536;4;16;18;2022-10-09;2022-10-09
683;537;6;14;16;2022-10-09;2022-10-09
684;538;4;16;18;2022-10-09;2022-10-09
685;539;3;14;16;2022-10-09;2022-10-09
686;539;5;14;16;2022-10-09;2022-10-09
687;540;3;19;20;2022-10-09;2022-10-09
688;541;4;10;13;2022-10-09;2022-10-09
689;542;5;11;12;2022-10-09;2022-10-09
690;543;4;7;10;2022-10-09;2022-10-09
691;544;3;15;17;2022-10-09;2022-10-09
692;544;5;15;17;2022-10-09;2022-10-09
693;545;3;11;12;2022-10-09;2022-10-09
694;546;3;7;10;2022-10-09;2022-10-09
695;547;3;8;9;2022-10-09;2022-10-09
696;548;6;15;17;2022-10-09;2022-10-09
697;548;4;15;17;2022-10-09;2022-10-09
698;549;2;19;22;2022-10-09;2022-10-09
699;550;5;8;11;2022-10-09;2022-10-09
700;551;5;14;15;2022-10-09;2022-10-09
701;552;2;17;18;2022-10-09;2022-10-09
702;553;6;9;12;2022-10-09;2022-10-09
703;554;1;11;13;2022-10-09;2022-10-09
704;554;3;11;13;2022-10-09;2022-10-09
705;555;6;14;16;2022-10-09;2022-10-09
706;556;2;20;22;2022-10-09;2022-10-09
707;557;4;15;17;2022-10-09;2022-10-09
708;558;3;11;13;2022-10-09;2022-10-09
709;558;5;11;13;2022-10-09;2022-10-09
710;559;3;9;11;2022-10-09;2022-10-09
711;559;5;9;11;2022-10-09;2022-10-09
712;560;3;11;13;2022-10-09;2022-10-09
713;561;2;16;17;2022-10-09;2022-10-09
714;562;3;18;20;2022-10-09;2022-10-09
715;563;6;16;19;2022-10-09;2022-10-09
716;564;2;10;13;2022-10-09;2022-10-09
717;565;2;10;11;2022-10-09;2022-10-09
718;566;5;10;11;2022-10-09;2022-10-09
719;567;5;9;12;2022-10-09;2022-10-09
720;568;5;19;21;2022-10-09;2022-10-09
721;568;3;19;21;2022-10-09;2022-10-09
722;569;4;20;22;2022-10-09;2022-10-09
723;570;3;14;15;2022-10-09;2022-10-09
724;571;2;16;17;2022-10-09;2022-10-09
725;572;2;14;15;2022-10-09;2022-10-09
726;573;6;14;15;2022-10-09;2022-10-09
727;574;1;18;20;2022-10-09;2022-10-09
728;574;3;18;20;2022-10-09;2022-10-09
729;575;3;17;19;2022-10-09;2022-10-09
730;576;6;11;14;2022-10-09;2022-10-09
731;577;4;16;19;2022-10-09;2022-10-09
732;578;1;19;20;2022-10-09;2022-10-09
733;579;4;17;19;2022-10-09;2022-10-09
734;579;6;17;19;2022-10-09;2022-10-09
735;580;5;9;11;2022-10-09;2022-10-09
736;580;3;9;11;2022-10-09;2022-10-09
737;581;3;10;13;2022-10-09;2022-10-09
738;582;5;10;11;2022-10-09;2022-10-09
739;583;4;15;18;2022-10-09;2022-10-09
740;584;5;11;14;2022-10-09;2022-10-09
741;585;2;14;17;2022-10-09;2022-10-09
742;586;2;17;19;2022-10-09;2022-10-09
743;586;4;17;19;2022-10-09;2022-10-09
744;587;2;11;13;2022-10-09;2022-10-09
745;588;6;11;14;2022-10-09;2022-10-09
746;589;3;17;19;2022-10-09;2022-10-09
747;590;2;19;21;2022-10-09;2022-10-09
748;590;4;19;21;2022-10-09;2022-10-09
749;591;5;14;15;2022-10-09;2022-10-09
750;592;4;17;19;2022-10-09;2022-10-09
751;592;6;17;19;2022-10-09;2022-10-09
752;593;5;9;11;2022-10-09;2022-10-09
753;593;3;9;11;2022-10-09;2022-10-09
754;594;2;16;18;2022-10-09;2022-10-09
755;594;4;16;18;2022-10-09;2022-10-09
756;595;5;11;12;2022-10-09;2022-10-09
757;596;4;16;17;2022-10-09;2022-10-09
758;597;3;14;16;2022-10-09;2022-10-09
759;598;3;20;22;2022-10-09;2022-10-09
760;599;5;17;19;2022-10-09;2022-10-09
761;599;3;17;19;2022-10-09;2022-10-09
762;600;6;9;11;2022-10-09;2022-10-09
763;601;3;20;23;2022-10-09;2022-10-09
764;602;1;10;12;2022-10-09;2022-10-09
765;603;4;19;21;2022-10-09;2022-10-09
766;603;6;19;21;2022-10-09;2022-10-09
767;604;3;15;18;2022-10-09;2022-10-09
768;605;5;16;19;2022-10-09;2022-10-09
769;606;3;7;9;2022-10-09;2022-10-09
770;607;6;14;15;2022-10-09;2022-10-09
771;608;3;14;16;2022-10-09;2022-10-09
772;609;5;9;12;2022-10-09;2022-10-09
773;610;1;7;8;2022-10-09;2022-10-09
774;611;4;19;21;2022-10-09;2022-10-09
775;612;4;20;21;2022-10-09;2022-10-09
776;613;5;14;16;2022-10-09;2022-10-09
777;614;3;7;9;2022-10-09;2022-10-09
778;614;5;7;9;2022-10-09;2022-10-09
779;615;3;10;12;2022-10-09;2022-10-09
780;616;5;11;12;2022-10-09;2022-10-09
781;617;3;15;17;2022-10-09;2022-10-09
782;618;1;17;19;2022-10-09;2022-10-09
783;618;3;17;19;2022-10-09;2022-10-09
784;619;1;14;15;2022-10-09;2022-10-09
785;620;5;10;13;2022-10-09;2022-10-09
786;621;1;9;11;2022-10-09;2022-10-09
787;622;3;8;11;2022-10-09;2022-10-09
788;623;4;20;22;2022-10-09;2022-10-09
789;624;6;14;17;2022-10-09;2022-10-09
790;625;2;10;12;2022-10-09;2022-10-09
791;626;6;16;18;2022-10-09;2022-10-09
792;626;4;16;18;2022-10-09;2022-10-09
793;627;5;7;10;2022-10-09;2022-10-09
794;628;3;8;9;2022-10-09;2022-10-09
795;629;1;16;19;2022-10-09;2022-10-09
796;630;5;18;20;2022-10-09;2022-10-09
797;631;6;16;17;2022-10-09;2022-10-09
798;632;1;11;13;2022-10-09;2022-10-09
799;632;3;11;13;2022-10-09;2022-10-09
800;633;2;16;18;2022-10-09;2022-10-09
801;634;5;14;15;2022-10-09;2022-10-09
802;635;5;16;17;2022-10-09;2022-10-09
803;636;6;14;16;2022-10-09;2022-10-09
804;636;4;14;16;2022-10-09;2022-10-09
805;637;1;16;18;2022-10-09;2022-10-09
806;637;3;16;18;2022-10-09;2022-10-09
807;638;2;20;23;2022-10-09;2022-10-09
808;639;1;8;10;2022-10-09;2022-10-09
809;640;4;14;16;2022-10-09;2022-10-09
810;641;6;10;12;2022-10-09;2022-10-09
811;641;4;10;12;2022-10-09;2022-10-09
812;642;5;9;11;2022-10-09;2022-10-09
813;643;5;18;20;2022-10-09;2022-10-09
814;643;3;18;20;2022-10-09;2022-10-09
815;644;6;16;18;2022-10-09;2022-10-09
816;644;4;16;18;2022-10-09;2022-10-09
817;645;2;18;19;2022-10-09;2022-10-09
818;646;3;17;18;2022-10-09;2022-10-09
819;647;1;16;17;2022-10-09;2022-10-09
820;648;1;9;11;2022-10-09;2022-10-09
821;649;5;8;9;2022-10-09;2022-10-09
822;650;4;8;10;2022-10-09;2022-10-09
823;650;6;8;10;2022-10-09;2022-10-09
824;651;1;17;19;2022-10-09;2022-10-09
825;651;3;17;19;2022-10-09;2022-10-09
826;652;2;11;13;2022-10-09;2022-10-09
827;652;4;11;13;2022-10-09;2022-10-09
828;653;3;9;11;2022-10-09;2022-10-09
829;654;2;8;11;2022-10-09;2022-10-09
830;655;2;16;18;2022-10-09;2022-10-09
831;655;4;16;18;2022-10-09;2022-10-09
832;656;1;10;12;2022-10-09;2022-10-09
833;656;3;10;12;2022-10-09;2022-10-09
834;657;4;9;11;2022-10-09;2022-10-09
835;657;6;9;11;2022-10-09;2022-10-09
836;658;5;7;9;2022-10-09;2022-10-09
837;659;2;11;14;2022-10-09;2022-10-09
838;660;6;9;11;2022-10-09;2022-10-09
839;660;4;9;11;2022-10-09;2022-10-09
840;661;3;11;12;2022-10-09;2022-10-09
841;662;6;16;18;2022-10-09;2022-10-09
842;662;4;16;18;2022-10-09;2022-10-09
843;663;1;16;18;2022-10-09;2022-10-09
844;663;3;16;18;2022-10-09;2022-10-09
845;664;5;9;11;2022-10-09;2022-10-09
846;664;3;9;11;2022-10-09;2022-10-09
847;665;6;15;17;2022-10-09;2022-10-09
848;665;4;15;17;2022-10-09;2022-10-09
849;666;2;19;21;2022-10-09;2022-10-09
850;667;1;15;16;2022-10-09;2022-10-09
851;668;3;8;9;2022-10-09;2022-10-09
852;669;3;10;12;2022-10-09;2022-10-09
853;670;1;15;17;2022-10-09;2022-10-09
854;671;5;15;17;2022-10-09;2022-10-09
855;671;3;15;17;2022-10-09;2022-10-09
856;672;2;7;9;2022-10-09;2022-10-09
857;672;4;7;9;2022-10-09;2022-10-09
858;673;2;8;9;2022-10-09;2022-10-09
859;674;2;9;12;2022-10-09;2022-10-09
860;675;5;18;20;2022-10-09;2022-10-09
861;676;5;18;19;2022-10-09;2022-10-09
862;677;4;11;12;2022-10-09;2022-10-09
863;678;6;10;13;2022-10-09;2022-10-09
864;679;6;15;17;2022-10-09;2022-10-09
865;679;4;15;17;2022-10-09;2022-10-09
866;680;2;11;14;2022-10-09;2022-10-09
867;681;1;8;9;2022-10-09;2022-10-09
868;682;4;7;8;2022-10-09;2022-10-09
869;683;6;7;9;2022-10-09;2022-10-09
870;683;4;7;9;2022-10-09;2022-10-09
871;684;2;10;12;2022-10-09;2022-10-09
872;685;5;19;22;2022-10-09;2022-10-09
873;686;2;16;18;2022-10-09;2022-10-09
874;686;4;16;18;2022-10-09;2022-10-09
875;687;5;18;20;2022-10-09;2022-10-09
876;688;2;20;23;2022-10-09;2022-10-09
877;689;6;14;17;2022-10-09;2022-10-09
878;690;3;16;18;2022-10-09;2022-10-09
879;690;5;16;18;2022-10-09;2022-10-09
880;691;1;19;20;2022-10-09;2022-10-09
881;692;2;10;11;2022-10-09;2022-10-09
882;693;2;9;11;2022-10-09;2022-10-09
883;693;4;9;11;2022-10-09;2022-10-09
884;694;6;7;10;2022-10-09;2022-10-09
885;695;3;15;17;2022-10-09;2022-10-09
886;696;6;7;10;2022-10-09;2022-10-09
887;697;4;8;10;2022-10-09;2022-10-09
888;697;6;8;10;2022-10-09;2022-10-09
889;698;4;16;18;2022-10-09;2022-10-09
890;698;6;16;18;2022-10-09;2022-10-09
891;699;1;20;21;2022-10-09;2022-10-09
892;700;2;17;19;2022-10-09;2022-10-09
893;701;4;7;9;2022-10-09;2022-10-09
894;702;5;16;18;2022-10-09;2022-10-09
895;703;3;17;19;2022-10-09;2022-10-09
896;703;5;17;19;2022-10-09;2022-10-09
897;704;1;18;21;2022-10-09;2022-10-09
898;705;6;11;13;2022-10-09;2022-10-09
899;705;4;11;13;2022-10-09;2022-10-09
900;706;2;9;12;2022-10-09;2022-10-09
901;707;2;10;13;2022-10-09;2022-10-09
902;708;5;20;23;2022-10-09;2022-10-09
903;709;5;19;21;2022-10-09;2022-10-09
904;710;1;8;10;2022-10-09;2022-10-09
905;710;3;8;10;2022-10-09;2022-10-09
906;711;3;18;20;2022-10-09;2022-10-09
907;712;6;7;8;2022-10-09;2022-10-09
908;713;4;15;18;2022-10-09;2022-10-09
909;714;6;15;17;2022-10-09;2022-10-09
910;714;4;15;17;2022-10-09;2022-10-09
911;715;2;15;16;2022-10-09;2022-10-09
912;716;1;15;16;2022-10-09;2022-10-09
913;717;4;9;10;2022-10-09;2022-10-09
914;718;4;8;11;2022-10-09;2022-10-09
915;719;5;19;20;2022-10-09;2022-10-09
916;720;4;14;16;2022-10-09;2022-10-09
917;721;3;15;18;2022-10-09;2022-10-09
918;722;3;14;16;2022-10-09;2022-10-09
919;723;1;7;9;2022-10-09;2022-10-09
920;723;3;7;9;2022-10-09;2022-10-09
921;724;2;8;11;2022-10-09;2022-10-09
922;725;2;20;23;2022-10-09;2022-10-09
923;726;2;19;20;2022-10-09;2022-10-09
924;727;5;10;13;2022-10-09;2022-10-09
925;728;1;19;22;2022-10-09;2022-10-09
926;729;5;16;17;2022-10-09;2022-10-09
927;730;2;17;18;2022-10-09;2022-10-09
928;731;6;14;15;2022-10-09;2022-10-09
929;732;5;11;12;2022-10-09;2022-10-09
930;733;4;9;10;2022-10-09;2022-10-09
931;734;5;11;12;2022-10-09;2022-10-09
932;735;3;11;14;2022-10-09;2022-10-09
933;736;6;16;18;2022-10-09;2022-10-09
934;736;4;16;18;2022-10-09;2022-10-09
935;737;5;20;21;2022-10-09;2022-10-09
936;738;5;20;21;2022-10-09;2022-10-09
937;739;2;10;12;2022-10-09;2022-10-09
938;740;4;19;20;2022-10-09;2022-10-09
939;741;2;16;17;2022-10-09;2022-10-09
940;742;6;7;8;2022-10-09;2022-10-09
941;743;6;11;13;2022-10-09;2022-10-09
942;743;4;11;13;2022-10-09;2022-10-09
943;744;4;7;8;2022-10-09;2022-10-09
944;745;1;11;12;2022-10-09;2022-10-09
945;746;5;17;19;2022-10-09;2022-10-09
946;747;1;20;23;2022-10-09;2022-10-09
947;748;6;11;13;2022-10-09;2022-10-09
948;748;4;11;13;2022-10-09;2022-10-09
949;749;1;11;12;2022-10-09;2022-10-09
950;750;3;19;21;2022-10-09;2022-10-09
951;751;6;10;12;2022-10-09;2022-10-09
952;751;4;10;12;2022-10-09;2022-10-09
953;752;2;10;12;2022-10-09;2022-10-09
954;753;2;11;13;2022-10-09;2022-10-09
955;753;4;11;13;2022-10-09;2022-10-09
956;754;5;19;21;2022-10-09;2022-10-09
957;754;3;19;21;2022-10-09;2022-10-09
958;755;4;7;8;2022-10-09;2022-10-09
959;756;1;9;11;2022-10-09;2022-10-09
960;757;2;11;14;2022-10-09;2022-10-09
961;758;1;7;9;2022-10-09;2022-10-09
962;759;3;8;10;2022-10-09;2022-10-09
963;760;4;7;9;2022-10-09;2022-10-09
964;760;6;7;9;2022-10-09;2022-10-09
965;761;5;8;10;2022-10-09;2022-10-09
966;762;4;15;16;2022-10-09;2022-10-09
967;763;3;9;10;2022-10-09;2022-10-09
968;764;1;20;22;2022-10-09;2022-10-09
969;765;3;18;21;2022-10-09;2022-10-09
970;766;6;16;18;2022-10-09;2022-10-09
971;766;4;16;18;2022-10-09;2022-10-09
972;767;5;19;21;2022-10-09;2022-10-09
973;768;4;8;10;2022-10-09;2022-10-09
974;768;6;8;10;2022-10-09;2022-10-09
975;769;4;16;17;2022-10-09;2022-10-09
976;770;2;20;22;2022-10-09;2022-10-09
977;771;2;10;12;2022-10-09;2022-10-09
978;771;4;10;12;2022-10-09;2022-10-09
979;772;3;15;16;2022-10-09;2022-10-09
980;773;4;10;12;2022-10-09;2022-10-09
981;774;4;7;10;2022-10-09;2022-10-09
982;775;4;10;13;2022-10-09;2022-10-09
983;776;2;14;17;2022-10-09;2022-10-09
984;777;6;16;18;2022-10-09;2022-10-09
985;778;4;18;21;2022-10-09;2022-10-09
986;779;4;7;8;2022-10-09;2022-10-09
987;780;4;11;12;2022-10-09;2022-10-09
988;781;2;18;20;2022-10-09;2022-10-09
989;781;4;18;20;2022-10-09;2022-10-09
990;782;1;8;10;2022-10-09;2022-10-09
991;783;3;8;10;2022-10-09;2022-10-09
992;783;5;8;10;2022-10-09;2022-10-09
993;784;5;15;16;2022-10-09;2022-10-09
994;785;6;16;18;2022-10-09;2022-10-09
995;785;4;16;18;2022-10-09;2022-10-09
996;786;3;8;10;2022-10-09;2022-10-09
997;787;2;9;10;2022-10-09;2022-10-09
998;788;5;17;19;2022-10-09;2022-10-09
999;789;5;18;20;2022-10-09;2022-10-09
1000;790;2;20;22;2022-10-09;2022-10-09
1001;791;2;7;9;2022-10-09;2022-10-09
1002;791;4;7;9;2022-10-09;2022-10-09
1003;792;6;14;17;2022-10-09;2022-10-09
1004;793;3;7;9;2022-10-09;2022-10-09
1005;793;5;7;9;2022-10-09;2022-10-09
1006;794;5;15;18;2022-10-09;2022-10-09
1007;795;3;8;10;2022-10-09;2022-10-09
1008;795;5;8;10;2022-10-09;2022-10-09
1009;796;5;16;17;2022-10-09;2022-10-09
1010;797;5;9;12;2022-10-09;2022-10-09
1011;798;5;8;10;2022-10-09;2022-10-09
1012;798;3;8;10;2022-10-09;2022-10-09
1013;799;2;15;17;2022-10-09;2022-10-09
1014;800;1;7;10;2022-10-09;2022-10-09
1015;801;2;11;12;2022-10-09;2022-10-09
1016;802;5;7;9;2022-10-09;2022-10-09
1017;802;3;7;9;2022-10-09;2022-10-09
1018;803;4;11;12;2022-10-09;2022-10-09
1019;804;5;9;10;2022-10-09;2022-10-09
1020;805;5;16;18;2022-10-09;2022-10-09
1021;805;3;16;18;2022-10-09;2022-10-09
1022;806;4;8;10;2022-10-09;2022-10-09
1023;807;6;9;10;2022-10-09;2022-10-09
1024;808;5;11;12;2022-10-09;2022-10-09
1025;809;6;16;18;2022-10-09;2022-10-09
1026;810;2;7;9;2022-10-09;2022-10-09
1027;811;1;9;11;2022-10-09;2022-10-09
1028;812;2;18;21;2022-10-09;2022-10-09
1029;813;5;9;12;2022-10-09;2022-10-09
1030;814;5;14;15;2022-10-09;2022-10-09
1031;815;1;9;12;2022-10-09;2022-10-09
1032;816;2;20;21;2022-10-09;2022-10-09
1033;817;4;11;13;2022-10-09;2022-10-09
1034;818;4;14;15;2022-10-09;2022-10-09
1035;819;6;7;9;2022-10-09;2022-10-09
1036;820;4;8;10;2022-10-09;2022-10-09
1037;821;3;10;11;2022-10-09;2022-10-09
1038;822;3;20;23;2022-10-09;2022-10-09
1039;823;4;17;20;2022-10-09;2022-10-09
1040;824;2;10;13;2022-10-09;2022-10-09
1041;825;6;11;13;2022-10-09;2022-10-09
1042;826;4;10;11;2022-10-09;2022-10-09
1043;827;4;20;22;2022-10-09;2022-10-09
1044;828;3;20;22;2022-10-09;2022-10-09
1045;829;6;9;11;2022-10-09;2022-10-09
1046;830;2;10;12;2022-10-09;2022-10-09
1047;830;4;10;12;2022-10-09;2022-10-09
1048;831;2;10;12;2022-10-09;2022-10-09
1049;832;1;20;22;2022-10-09;2022-10-09
1050;832;3;20;22;2022-10-09;2022-10-09
1051;833;2;10;12;2022-10-09;2022-10-09
1052;834;3;9;11;2022-10-09;2022-10-09
1053;834;5;9;11;2022-10-09;2022-10-09
1054;835;4;9;10;2022-10-09;2022-10-09
1055;836;5;16;19;2022-10-09;2022-10-09
1056;837;5;14;16;2022-10-09;2022-10-09
1057;837;3;14;16;2022-10-09;2022-10-09
1058;838;5;8;9;2022-10-09;2022-10-09
1059;839;2;18;21;2022-10-09;2022-10-09
1060;840;3;19;22;2022-10-09;2022-10-09
1061;841;4;20;21;2022-10-09;2022-10-09
1062;842;5;7;8;2022-10-09;2022-10-09
1063;843;6;16;19;2022-10-09;2022-10-09
1064;844;5;18;20;2022-10-09;2022-10-09
1065;845;3;19;21;2022-10-09;2022-10-09
1066;846;4;20;22;2022-10-09;2022-10-09
1067;847;2;20;23;2022-10-09;2022-10-09
1068;848;6;15;18;2022-10-09;2022-10-09
1069;849;1;19;21;2022-10-09;2022-10-09
1070;850;3;11;13;2022-10-09;2022-10-09
1071;850;5;11;13;2022-10-09;2022-10-09
1072;851;6;15;17;2022-10-09;2022-10-09
1073;852;3;9;11;2022-10-09;2022-10-09
1074;853;1;8;10;2022-10-09;2022-10-09
1075;853;3;8;10;2022-10-09;2022-10-09
1076;854;1;18;20;2022-10-09;2022-10-09
1077;855;1;16;19;2022-10-09;2022-10-09
1078;856;1;17;19;2022-10-09;2022-10-09
1079;857;2;10;12;2022-10-09;2022-10-09
1080;857;4;10;12;2022-10-09;2022-10-09
1081;858;5;20;21;2022-10-09;2022-10-09
1082;859;3;20;21;2022-10-09;2022-10-09
1083;860;2;20;23;2022-10-09;2022-10-09
1084;861;5;18;20;2022-10-09;2022-10-09
1085;862;5;8;11;2022-10-09;2022-10-09
1086;863;2;17;20;2022-10-09;2022-10-09
1087;864;2;15;18;2022-10-09;2022-10-09
1088;865;6;10;13;2022-10-09;2022-10-09
1089;866;3;20;22;2022-10-09;2022-10-09
1090;866;5;20;22;2022-10-09;2022-10-09
1091;867;6;10;11;2022-10-09;2022-10-09
1092;868;5;11;12;2022-10-09;2022-10-09
1093;869;1;7;9;2022-10-09;2022-10-09
1094;870;6;14;16;2022-10-09;2022-10-09
1095;870;4;14;16;2022-10-09;2022-10-09
1096;871;4;18;20;2022-10-09;2022-10-09
1097;872;4;19;22;2022-10-09;2022-10-09
1098;873;5;17;19;2022-10-09;2022-10-09
1099;873;3;17;19;2022-10-09;2022-10-09
1100;874;5;17;18;2022-10-09;2022-10-09
1101;875;5;18;21;2022-10-09;2022-10-09
1102;876;2;9;11;2022-10-09;2022-10-09
1103;877;4;9;10;2022-10-09;2022-10-09
1104;878;1;20;22;2022-10-09;2022-10-09
1105;879;3;11;12;2022-10-09;2022-10-09
1106;880;5;7;9;2022-10-09;2022-10-09
1107;880;3;7;9;2022-10-09;2022-10-09
1108;881;5;10;12;2022-10-09;2022-10-09
1109;882;4;7;10;2022-10-09;2022-10-09
1110;883;6;8;9;2022-10-09;2022-10-09
1111;884;6;14;16;2022-10-09;2022-10-09
1112;884;4;14;16;2022-10-09;2022-10-09
1113;885;6;11;13;2022-10-09;2022-10-09
1114;886;6;10;11;2022-10-09;2022-10-09
1115;887;2;10;12;2022-10-09;2022-10-09
1116;887;4;10;12;2022-10-09;2022-10-09
1117;888;1;11;13;2022-10-09;2022-10-09
1118;888;3;11;13;2022-10-09;2022-10-09
1119;889;1;19;20;2022-10-09;2022-10-09
1120;890;6;16;19;2022-10-09;2022-10-09
1121;891;2;20;22;2022-10-09;2022-10-09
1122;891;4;20;22;2022-10-09;2022-10-09
1123;892;5;14;16;2022-10-09;2022-10-09
1124;893;4;15;18;2022-10-09;2022-10-09
1125;894;4;20;22;2022-10-09;2022-10-09
1126;895;2;10;12;2022-10-09;2022-10-09
1127;896;4;9;10;2022-10-09;2022-10-09
1128;897;1;19;20;2022-10-09;2022-10-09
1129;898;2;19;20;2022-10-09;2022-10-09
1130;899;2;18;20;2022-10-09;2022-10-09
1131;899;4;18;20;2022-10-09;2022-10-09
1132;900;4;7;10;2022-10-09;2022-10-09
1133;901;3;20;22;2022-10-09;2022-10-09
1134;902;1;11;14;2022-10-09;2022-10-09
1135;903;5;16;19;2022-10-09;2022-10-09
1136;904;5;19;20;2022-10-09;2022-10-09
1137;905;4;10;11;2022-10-09;2022-10-09
1138;906;6;15;16;2022-10-09;2022-10-09
1139;907;4;7;9;2022-10-09;2022-10-09
1140;908;1;9;11;2022-10-09;2022-10-09
1141;908;3;9;11;2022-10-09;2022-10-09
1142;909;3;19;21;2022-10-09;2022-10-09
1143;909;5;19;21;2022-10-09;2022-10-09
1144;910;4;10;11;2022-10-09;2022-10-09
1145;911;5;15;17;2022-10-09;2022-10-09
1146;911;3;15;17;2022-10-09;2022-10-09
1147;912;2;19;21;2022-10-09;2022-10-09
1148;912;4;19;21;2022-10-09;2022-10-09
1149;913;5;16;17;2022-10-09;2022-10-09
1150;914;1;18;19;2022-10-09;2022-10-09
1151;915;1;14;16;2022-10-09;2022-10-09
1152;916;2;8;9;2022-10-09;2022-10-09
1153;917;3;19;21;2022-10-09;2022-10-09
1154;917;5;19;21;2022-10-09;2022-10-09
1155;918;6;16;19;2022-10-09;2022-10-09
1156;919;3;8;10;2022-10-09;2022-10-09
1157;919;5;8;10;2022-10-09;2022-10-09
1158;920;6;15;18;2022-10-09;2022-10-09
1159;921;5;7;10;2022-10-09;2022-10-09
1160;922;5;9;11;2022-10-09;2022-10-09
1161;923;5;14;17;2022-10-09;2022-10-09
1162;924;2;19;20;2022-10-09;2022-10-09
1163;925;4;17;18;2022-10-09;2022-10-09
1164;926;4;18;21;2022-10-09;2022-10-09
1165;927;5;19;21;2022-10-09;2022-10-09
1166;927;3;19;21;2022-10-09;2022-10-09
1167;928;2;15;16;2022-10-09;2022-10-09
1168;929;6;8;11;2022-10-09;2022-10-09
1169;930;4;15;17;2022-10-09;2022-10-09
1170;931;3;18;20;2022-10-09;2022-10-09
1171;932;4;18;21;2022-10-09;2022-10-09
1172;933;4;19;21;2022-10-09;2022-10-09
1173;934;4;20;22;2022-10-09;2022-10-09
1174;934;6;20;22;2022-10-09;2022-10-09
1175;935;4;15;18;2022-10-09;2022-10-09
1176;936;4;7;8;2022-10-09;2022-10-09
1177;937;1;18;20;2022-10-09;2022-10-09
1178;938;3;8;11;2022-10-09;2022-10-09
1179;939;1;11;12;2022-10-09;2022-10-09
1180;940;2;19;21;2022-10-09;2022-10-09
1181;940;4;19;21;2022-10-09;2022-10-09
1182;941;6;15;18;2022-10-09;2022-10-09
1183;942;5;8;10;2022-10-09;2022-10-09
1184;943;1;18;20;2022-10-09;2022-10-09
1185;943;3;18;20;2022-10-09;2022-10-09
1186;944;2;10;12;2022-10-09;2022-10-09
1187;945;2;18;20;2022-10-09;2022-10-09
1188;945;4;18;20;2022-10-09;2022-10-09
1189;946;6;11;13;2022-10-09;2022-10-09
1190;947;2;16;18;2022-10-09;2022-10-09
1191;947;4;16;18;2022-10-09;2022-10-09
1192;948;4;7;10;2022-10-09;2022-10-09
1193;949;1;16;18;2022-10-09;2022-10-09
1194;949;3;16;18;2022-10-09;2022-10-09
1195;950;6;16;17;2022-10-09;2022-10-09
1196;951;6;7;10;2022-10-09;2022-10-09
1197;952;5;9;10;2022-10-09;2022-10-09
1198;953;4;10;12;2022-10-09;2022-10-09
1199;953;6;10;12;2022-10-09;2022-10-09
1200;954;3;9;10;2022-10-09;2022-10-09
1201;955;6;9;10;2022-10-09;2022-10-09
1202;956;5;19;22;2022-10-09;2022-10-09
1203;957;5;7;8;2022-10-09;2022-10-09
1204;958;1;9;10;2022-10-09;2022-10-09
1205;959;5;9;11;2022-10-09;2022-10-09
1206;960;5;15;17;2022-10-09;2022-10-09
1207;960;3;15;17;2022-10-09;2022-10-09
1208;961;3;9;10;2022-10-09;2022-10-09
1209;962;4;11;14;2022-10-09;2022-10-09
1210;963;6;7;8;2022-10-09;2022-10-09
1211;964;3;16;18;2022-10-09;2022-10-09
1212;964;5;16;18;2022-10-09;2022-10-09
1213;965;1;10;12;2022-10-09;2022-10-09
1214;966;6;14;16;2022-10-09;2022-10-09
1215;966;4;14;16;2022-10-09;2022-10-09
1216;967;2;15;16;2022-10-09;2022-10-09
1217;968;1;10;12;2022-10-09;2022-10-09
1218;969;6;16;18;2022-10-09;2022-10-09
1219;970;2;11;13;2022-10-09;2022-10-09
1220;971;4;20;21;2022-10-09;2022-10-09
1221;972;5;11;14;2022-10-09;2022-10-09
1222;973;2;7;9;2022-10-09;2022-10-09
1223;973;4;7;9;2022-10-09;2022-10-09
1224;974;5;17;18;2022-10-09;2022-10-09
1225;975;1;10;12;2022-10-09;2022-10-09
1226;976;3;11;14;2022-10-09;2022-10-09
1227;977;4;20;21;2022-10-09;2022-10-09
1228;978;1;18;20;2022-10-09;2022-10-09
1229;978;3;18;20;2022-10-09;2022-10-09
1230;979;4;8;10;2022-10-09;2022-10-09
1231;980;4;17;20;2022-10-09;2022-10-09
1232;981;6;14;17;2022-10-09;2022-10-09
1233;982;4;11;13;2022-10-09;2022-10-09
1234;983;6;14;17;2022-10-09;2022-10-09
1235;984;6;10;11;2022-10-09;2022-10-09
1236;985;5;7;8;2022-10-09;2022-10-09
1237;986;5;14;16;2022-10-09;2022-10-09
1238;986;3;14;16;2022-10-09;2022-10-09
1239;987;4;20;22;2022-10-09;2022-10-09
1240;987;6;20;22;2022-10-09;2022-10-09
1241;988;6;14;15;2022-10-09;2022-10-09
1242;989;5;14;16;2022-10-09;2022-10-09
1243;989;3;14;16;2022-10-09;2022-10-09
1244;990;4;18;19;2022-10-09;2022-10-09
1245;991;5;11;12;2022-10-09;2022-10-09
1246;992;4;8;9;2022-10-09;2022-10-09
1247;993;4;7;10;2022-10-09;2022-10-09
1248;994;4;11;13;2022-10-09;2022-10-09
1249;995;2;9;10;2022-10-09;2022-10-09
1250;996;6;9;11;2022-10-09;2022-10-09
1251;997;1;7;9;2022-10-09;2022-10-09
1252;997;3;7;9;2022-10-09;2022-10-09
1253;998;2;10;12;2022-10-09;2022-10-09
1254;999;4;9;11;2022-10-09;2022-10-09
1255;1000;3;15;17;2022-10-09;2022-10-09
1256;1000;5;15;17;2022-10-09;2022-10-09
1257;1001;4;7;8;2022-10-09;2022-10-09
1258;1002;2;14;17;2022-10-09;2022-10-09
1259;1003;2;17;20;2022-10-09;2022-10-09
1260;1004;5;9;11;2022-10-09;2022-10-09
1261;1004;3;9;11;2022-10-09;2022-10-09
1262;1005;4;20;22;2022-10-09;2022-10-09
1263;1006;1;7;8;2022-10-09;2022-10-09
1264;1007;5;7;9;2022-10-09;2022-10-09
1265;1007;3;7;9;2022-10-09;2022-10-09
1266;1008;2;9;10;2022-10-09;2022-10-09
1267;1009;6;10;12;2022-10-09;2022-10-09
1268;1010;3;7;8;2022-10-09;2022-10-09
1269;1011;6;9;11;2022-10-09;2022-10-09
1270;1012;5;18;20;2022-10-09;2022-10-09
1271;1012;3;18;20;2022-10-09;2022-10-09
1272;1013;6;15;18;2022-10-09;2022-10-09
1273;1014;6;10;12;2022-10-09;2022-10-09
1274;1014;4;10;12;2022-10-09;2022-10-09
1275;1015;6;10;12;2022-10-09;2022-10-09
1276;1015;4;10;12;2022-10-09;2022-10-09
1277;1016;6;14;16;2022-10-09;2022-10-09
1278;1016;4;14;16;2022-10-09;2022-10-09
1279;1017;3;8;11;2022-10-09;2022-10-09
1280;1018;3;7;8;2022-10-09;2022-10-09
1281;1019;1;8;11;2022-10-09;2022-10-09
1282;1020;4;14;17;2022-10-09;2022-10-09
1283;1021;2;19;20;2022-10-09;2022-10-09
1284;1022;1;10;13;2022-10-09;2022-10-09
1285;1023;5;9;10;2022-10-09;2022-10-09
1286;1024;5;10;11;2022-10-09;2022-10-09
1287;1025;1;7;9;2022-10-09;2022-10-09
1288;1026;6;15;18;2022-10-09;2022-10-09
1289;1027;1;16;18;2022-10-09;2022-10-09
1290;1028;1;9;11;2022-10-09;2022-10-09
1291;1029;2;20;21;2022-10-09;2022-10-09
1292;1030;4;18;20;2022-10-09;2022-10-09
1293;1031;1;11;13;2022-10-09;2022-10-09
1294;1031;3;11;13;2022-10-09;2022-10-09
1295;1032;3;7;9;2022-10-09;2022-10-09
1296;1033;4;15;17;2022-10-09;2022-10-09
1297;1033;6;15;17;2022-10-09;2022-10-09
1298;1034;4;19;21;2022-10-09;2022-10-09
1299;1035;5;14;17;2022-10-09;2022-10-09
1300;1036;3;16;18;2022-10-09;2022-10-09
1301;1037;3;20;23;2022-10-09;2022-10-09
1302;1038;3;20;22;2022-10-09;2022-10-09
1303;1039;1;18;21;2022-10-09;2022-10-09
1304;1040;1;9;10;2022-10-09;2022-10-09
1305;1041;4;20;21;2022-10-09;2022-10-09
1306;1042;1;19;22;2022-10-09;2022-10-09
1307;1043;4;7;9;2022-10-09;2022-10-09
1308;1044;3;16;19;2022-10-09;2022-10-09
1309;1045;3;11;12;2022-10-09;2022-10-09
1310;1046;5;18;21;2022-10-09;2022-10-09
1311;1047;2;7;9;2022-10-09;2022-10-09
1312;1048;5;15;18;2022-10-09;2022-10-09
1313;1049;4;11;14;2022-10-09;2022-10-09
1314;1050;3;8;11;2022-10-09;2022-10-09
1315;1051;5;9;12;2022-10-09;2022-10-09
1316;1052;3;8;11;2022-10-09;2022-10-09
1317;1053;6;11;14;2022-10-09;2022-10-09
1318;1054;4;18;21;2022-10-09;2022-10-09
1319;1055;1;20;23;2022-10-09;2022-10-09
1320;1056;4;8;11;2022-10-09;2022-10-09
1321;1057;6;10;13;2022-10-09;2022-10-09
1322;1058;3;11;14;2022-10-09;2022-10-09
1323;1059;2;19;22;2022-10-09;2022-10-09
1324;1060;5;11;14;2022-10-09;2022-10-09
1325;1061;5;11;14;2022-10-09;2022-10-09
1326;1062;3;10;13;2022-10-09;2022-10-09
1327;1063;3;16;19;2022-10-09;2022-10-09
1328;1064;6;9;12;2022-10-09;2022-10-09
1329;1065;6;14;17;2022-10-09;2022-10-09
1330;1066;1;8;11;2022-10-09;2022-10-09
1331;1067;4;14;17;2022-10-09;2022-10-09
1332;1068;5;14;17;2022-10-09;2022-10-09
1333;1069;6;10;13;2022-10-09;2022-10-09
1334;1070;4;8;11;2022-10-09;2022-10-09
1335;1071;6;15;18;2022-10-09;2022-10-09
1336;1072;5;20;23;2022-10-09;2022-10-09
1337;1073;2;8;11;2022-10-09;2022-10-09
1338;1074;1;8;11;2022-10-09;2022-10-09
1339;1075;3;15;18;2022-10-09;2022-10-09
